食物名称(100g),热量(kcal),硫胺素(mg),钙(mg),蛋白质(g),核黄素(mg),镁(mg),脂肪(g),烟酸(mg),铁(mg),碳水化合物(g),维生素C(mg),锰(mg),膳食纤维(g),维生素E(mg),锌(mg),维生素A(ug),胆固醇(mg),铜(mg),胡萝卜素(ug),钾(mg),磷(mg),视黄醇当量(ug),钠(mg),硒(mg),label
小麦,317,0,34,12,0,4,1,4,5,64,0,3,11,2,2,0,0,0,2,289,325,10,7,4,3
五谷香,377,0,2,10,0,0,3,0,0,78,0,0,0,2,0,0,0,0,3,7,13,6,1,1,13
小麦粉(标准粉),344,0,31,11,0,50,2,2,4,72,0,2,2,2,2,0,0,0,1,190,188,13,3,5,3
小麦粉(富强粉，特一粉),350,0,27,10,0,32,1,2,3,75,0,1,1,1,1,0,0,0,1,128,114,13,3,7,3
小麦粉(特二粉),349,0,30,10,0,48,1,2,3,74,0,1,2,1,1,0,0,1,1,124,120,12,2,6,3
小麦胚粉,392,4,85,36,1,198,10,4,1,39,0,17,6,23,23,0,0,1,5,1523,1168,4,5,65,29
麸皮,220,0,206,16,0,382,4,12,10,30,0,11,31,4,6,20,0,2,4,862,682,14,12,7,4
挂面(均值),346,0,17,10,0,49,1,2,3,75,0,1,1,1,1,0,0,0,1,129,134,12,184,12,3
挂面(标准粉),344,0,14,10,0,51,1,2,4,74,0,1,2,1,1,0,0,0,1,157,153,12,150,10,3
挂面(富强粉),347,0,21,10,0,48,1,2,3,76,0,1,0,1,1,0,0,0,1,122,112,13,111,11,3
挂面(精制龙须面),347,0,26,11,0,48,0,2,2,74,0,1,0,0,1,0,0,0,2,109,137,12,293,14,3
面条(均值),284,0,11,8,0,39,1,1,4,61,0,1,1,1,1,0,0,0,1,135,162,28,28,12,3
面条(标准粉，切面),280,0,13,8,0,61,2,3,3,58,0,1,2,0,1,0,0,0,1,161,142,30,3,0,3
面条(富强粉，切面),285,0,24,9,0,29,1,2,2,60,0,1,0,0,1,0,0,0,0,102,92,29,2,17,3
面条(特粉，切面),286,0,3,7,0,36,0,0,5,64,0,1,1,0,2,0,0,0,1,128,181,28,10,16,3
面条(富强粉，煮),109,0,4,3,0,10,0,2,0,24,0,0,0,0,0,0,0,0,0,15,25,73,27,0,1
面条(干切面),355,0,8,11,0,42,0,3,10,78,0,1,0,0,2,0,0,0,1,100,142,10,61,8,3
面条(虾蓉面),429,0,17,8,0,24,15,3,2,65,0,0,4,1,0,0,0,0,2,101,92,6,304,9,3
通心面[通心粉],350,0,14,12,0,58,0,1,3,75,0,1,0,0,2,0,0,0,0,209,97,12,35,6,3
花卷,211,0,19,6,0,12,1,1,0,44,0,0,2,0,0,0,0,0,1,83,72,46,95,6,3
空锅饼,277,0,2,9,0,30,0,0,6,60,0,1,1,0,2,0,0,0,1,138,133,29,243,24,3
烙饼(标准粉),255,0,20,8,0,51,2,0,2,51,0,1,2,1,1,0,0,0,1,141,146,36,149,8,3
馒头(均值),221,0,38,7,0,30,1,0,2,46,0,1,1,1,1,0,0,0,1,138,107,44,165,8,3
馒头(标准粉),233,0,18,8,0,39,1,0,2,48,0,1,2,1,1,0,0,0,1,129,136,40,165,10,3
馒头(富强粉),208,0,58,6,0,20,1,0,2,43,0,0,1,0,0,0,0,0,1,146,78,47,165,7,3
烧饼(加糖),293,0,51,8,0,26,2,1,2,61,0,0,2,0,0,0,0,0,1,122,105,26,62,12,3
油饼,399,0,46,8,0,13,23,0,2,40,0,1,2,14,1,0,0,0,2,106,124,25,572,11,0
油条,386,0,6,7,0,19,18,1,1,50,0,1,1,3,1,0,0,0,3,227,77,22,585,9,3
水面筋,141,0,76,24,0,26,0,1,4,11,0,1,1,1,2,0,0,0,1,69,133,64,15,1,8
油面筋,490,0,29,27,0,40,25,2,2,39,0,1,1,7,2,0,0,0,0,45,98,7,30,23,0
稻米(均值),346,0,13,7,0,34,1,2,2,77,0,1,1,0,2,0,0,0,1,103,110,13,4,2,3
粳米(标一),343,0,11,8,0,34,1,1,1,77,0,1,1,1,1,0,0,0,1,97,121,14,2,2,3
粳米(标二),347,0,3,8,0,20,1,3,0,77,0,1,0,1,1,0,0,0,0,78,99,13,1,6,3
粳米(标三),345,0,5,7,0,0,1,4,1,77,0,1,0,0,1,0,0,0,0,78,108,14,1,5,3
粳米(标四),346,0,4,8,0,20,1,5,1,77,0,1,1,0,1,0,0,0,1,106,123,13,2,5,3
粳米(特等),334,0,24,7,0,25,0,1,1,75,0,1,0,1,1,0,0,0,0,58,80,16,6,2,13
籼米(标一),346,0,7,8,0,33,1,2,1,77,0,1,1,0,1,0,0,0,1,89,146,13,3,4,3
籼米(标准)[机米],347,0,12,8,0,28,1,1,2,78,0,1,1,1,1,0,0,0,1,109,112,13,2,2,3
籼米(优标),349,0,8,8,0,13,1,3,0,77,0,1,0,0,2,0,0,0,1,64,85,13,1,7,3
早籼,359,0,13,10,0,0,2,5,5,75,0,3,1,0,3,0,0,0,2,214,257,10,2,2,3
早籼(标一),351,0,10,9,0,57,1,2,1,77,0,1,0,0,2,0,0,0,1,124,141,12,2,2,3
早籼(标二),345,0,6,10,0,79,1,3,1,75,0,2,0,0,2,0,0,1,1,171,192,14,1,2,3
早籼(特等),346,0,6,9,0,42,1,2,1,76,0,1,1,0,2,0,0,0,1,108,141,13,1,2,3
晚籼(标一),345,0,9,8,0,53,1,2,1,77,0,1,0,0,2,0,0,0,1,112,140,14,2,3,3
晚籼(标二),343,0,6,9,0,60,1,3,3,75,0,1,0,0,2,0,0,0,1,146,141,14,1,2,3
晚籼(特等),342,0,6,8,0,28,0,2,1,77,0,1,0,0,2,0,0,0,1,107,104,14,1,2,3
籼稻谷(红),344,0,0,7,0,0,2,5,6,74,0,3,2,0,3,0,0,0,1,220,0,13,22,3,3
黑米,333,0,12,9,0,147,2,8,2,68,0,2,4,0,4,0,0,0,2,256,356,14,7,3,3
香大米,346,0,8,13,0,12,1,3,5,72,0,2,1,1,1,0,0,1,1,49,106,13,22,5,3
糯米[江米](均值),348,0,26,7,0,49,1,2,1,78,0,2,1,1,2,0,0,0,1,137,113,13,2,3,3
优糯米,344,0,8,9,0,50,1,2,1,75,0,1,1,1,1,0,0,0,0,136,48,14,1,3,3
早糯谷,354,0,19,7,0,149,3,1,3,74,0,0,3,0,5,7,0,1,1,0,297,11,4,2,3
紫红糯米[血糯米],343,0,13,8,0,16,2,4,4,74,0,2,1,1,2,0,0,0,1,219,183,14,4,3,3
粳糯米,343,0,21,8,0,42,1,2,2,76,0,2,1,0,2,0,0,0,1,125,94,14,3,3,3
籼糯米,352,0,14,8,0,52,1,2,2,78,0,1,0,0,2,0,0,0,1,132,82,12,2,2,3
米饭(蒸)(均值),116,0,7,3,0,15,0,2,1,26,0,1,0,0,1,0,0,0,0,30,62,71,2,0,1
粳米饭(蒸),117,0,7,3,0,20,0,2,2,26,0,1,0,0,1,0,0,0,0,39,62,71,3,0,1
籼米饭(蒸),114,0,6,2,0,10,0,2,0,26,0,0,0,0,0,0,0,0,0,21,0,71,2,0,1
粳米粥,46,0,7,1,0,7,0,0,0,10,0,0,0,0,0,0,0,0,0,13,20,89,3,0,1
籼米粉[排米粉],355,0,6,7,0,16,0,1,3,81,0,1,0,0,1,0,0,0,0,14,62,11,16,7,13
籼米粉(干，细),346,0,0,8,0,23,0,0,1,78,0,1,0,0,2,0,0,0,1,43,53,12,6,3,13
高蛋白豆米粉(籼米),414,1,0,16,1,0,7,0,0,71,0,0,0,0,0,0,0,0,3,0,0,2,0,0,25
玉米(鲜),106,0,0,4,0,32,1,2,1,20,16,0,3,0,1,0,0,0,1,238,117,71,1,2,1
玉米(白，干),336,0,10,9,0,95,4,2,2,67,0,1,8,8,2,0,0,0,1,262,244,12,2,4,3
玉米(黄，干),335,0,14,9,0,96,4,2,2,67,0,0,6,4,2,17,0,0,1,300,218,13,3,4,3
玉米面(白),340,0,12,8,0,111,4,3,1,67,0,0,6,7,1,0,0,0,1,276,187,13,0,2,3
玉米面(黄),341,0,22,8,0,84,3,2,3,70,0,0,6,4,1,7,0,0,1,249,196,12,2,2,3
玉米面(强化豆粉),339,0,18,12,0,106,5,3,3,62,0,1,6,7,1,0,0,0,1,370,234,14,2,9,3
玉米糁(黄),347,0,49,8,0,151,3,1,2,72,0,0,4,1,1,0,0,0,1,177,143,13,2,5,3
玉米笋(罐头),6,0,6,1,0,0,0,0,0,0,0,0,5,0,0,7,0,0,1,36,4,93,171,1,1
大麦[元麦],307,0,66,10,0,158,1,4,6,63,0,1,10,1,4,0,0,1,2,49,381,13,0,10,3
肚里黄,321,0,3,9,0,80,1,2,2,69,0,1,8,1,2,0,0,14,2,223,436,12,5,0,21
青稞,339,0,113,8,0,65,2,7,41,73,0,2,2,1,2,0,0,5,3,644,405,12,77,5,30
小米,358,0,41,9,0,107,3,2,5,74,0,1,2,4,2,17,0,1,1,284,229,12,4,5,3
小米面,356,0,40,7,0,57,2,2,6,77,0,1,1,0,1,0,0,0,1,129,159,12,6,3,3
小米粥,46,0,10,1,0,22,1,1,1,8,0,0,0,0,0,0,0,0,0,19,32,89,4,0,1
大黄米[黍子],349,0,30,14,0,116,3,1,6,68,0,2,4,2,3,0,0,1,1,201,244,11,2,2,3
黄米,342,0,0,10,0,0,2,1,0,72,0,0,4,5,2,0,0,1,1,0,0,11,3,0,3
高粱米,351,0,22,10,0,129,3,2,6,70,0,1,4,2,2,0,0,1,2,281,329,10,6,3,3
糜子(带皮),323,0,99,11,0,146,1,1,5,69,0,1,6,4,2,0,0,1,4,148,205,9,10,12,3
糜子米(炒米),374,0,12,8,0,112,3,1,14,80,0,1,1,0,2,0,0,0,1,252,233,8,11,5,3
苦荞麦粉,304,0,39,10,0,94,3,2,4,60,0,1,6,2,2,0,0,1,2,320,244,19,2,6,3
荞麦,324,0,47,9,0,258,2,2,6,66,0,2,6,4,4,3,0,1,2,401,297,13,5,2,3
荞麦(带皮),292,0,154,10,0,193,2,1,10,60,0,1,13,0,3,0,0,14,2,439,296,14,4,1,21
莜麦面,366,0,27,12,0,146,7,4,14,63,0,4,5,8,2,3,0,1,2,319,35,11,2,0,3
薏米[薏仁米，苡米],357,0,42,13,0,88,3,2,4,69,0,1,2,2,2,0,0,0,2,238,217,11,4,3,3
薏米面,342,0,42,11,0,50,2,2,7,69,0,2,5,5,1,0,0,0,2,163,134,11,2,3,3
马铃薯[土豆，洋芋],76,0,8,2,0,23,0,1,1,16,27,0,1,0,0,5,0,0,1,342,40,80,3,1,1
马铃薯丁(脱水),337,0,39,6,0,51,0,0,2,77,20,0,3,0,0,0,0,1,2,267,87,11,23,2,3
马铃薯粉,337,0,171,7,0,27,0,5,11,76,0,0,1,0,1,20,0,1,3,1075,123,12,5,2,30
甘薯(白心)[红皮山芋],104,0,24,1,0,17,0,1,1,24,24,0,1,0,0,37,0,0,1,174,46,73,58,1,1
甘薯(红心)[山芋，红薯],99,0,23,1,0,12,0,1,0,23,26,0,2,0,0,125,0,0,1,130,39,73,28,0,1
甘薯片[白薯干],340,0,112,5,0,102,1,1,4,78,9,1,2,0,0,25,0,0,2,353,115,12,26,3,3
甘薯粉[地瓜粉],336,0,33,3,0,102,0,0,10,81,0,0,0,0,0,3,0,0,2,66,12,14,26,3,13
木薯,116,0,88,2,0,66,0,1,2,26,35,0,2,0,0,0,0,0,1,764,50,69,8,0,1
蚕豆淀粉,341,0,36,0,0,8,0,0,2,85,0,0,0,0,0,0,0,0,0,10,29,14,18,1,13
豌豆淀粉,341,0,4,1,0,4,0,0,2,85,0,0,0,0,0,0,0,0,1,93,10,14,3,0,13
玉米淀粉,345,0,18,1,0,6,0,1,4,85,0,0,0,0,0,0,0,0,0,8,25,14,6,1,13
团粉[芡粉],346,0,34,2,0,14,0,0,4,85,0,0,1,0,0,0,0,0,0,16,25,13,13,0,13
藕粉,372,0,8,0,0,2,0,0,18,93,0,0,0,0,0,0,0,0,0,35,9,6,11,2,13
桂花藕粉,344,0,36,0,0,5,0,0,21,85,0,0,0,0,0,0,0,0,1,14,13,14,6,0,13
魔芋精粉[鬼芋粉，南星粉],37,0,45,5,0,66,0,0,2,4,0,1,74,0,2,0,0,0,4,299,272,12,50,350,37
粉丝,335,0,31,1,0,11,0,0,6,83,0,0,1,0,0,0,0,0,0,18,16,15,9,3,13
豌豆粉丝,367,0,10,0,0,4,0,0,4,91,0,0,0,0,0,0,0,0,0,6,9,8,5,0,13
粉条,337,0,35,0,0,11,0,0,5,84,0,0,1,0,1,0,0,0,1,18,23,14,10,2,13
黄豆[大豆],359,0,191,35,0,199,16,2,8,19,0,2,16,19,3,37,0,1,5,1503,465,10,2,6,30
黑豆[黑大豆],381,0,224,36,0,243,16,2,7,23,0,3,10,17,4,5,0,2,5,1377,500,10,3,7,30
青豆[青大豆],373,0,200,34,0,128,16,3,8,23,0,2,13,10,3,132,0,1,5,718,395,10,2,6,30
黄豆粉,418,0,207,33,0,129,18,2,8,31,0,2,7,34,4,63,0,1,5,1890,395,7,4,2,30
豆腐花[豆腐粉],401,0,175,10,0,60,3,0,3,84,0,1,0,5,1,42,0,0,2,339,95,2,0,2,3
豆浆粉,422,0,101,20,0,122,9,1,4,65,0,1,2,18,2,0,0,1,3,771,253,2,26,3,30
豆粕,310,0,154,42,0,158,2,2,15,30,0,2,8,6,0,0,0,1,6,1391,28,12,76,2,30
豆粕(膨化)[大豆蛋白],321,0,144,37,0,60,1,6,10,42,0,2,6,1,3,0,0,1,5,950,161,9,3,3,30
豆腐(均值),81,0,164,8,0,27,4,0,2,4,0,0,0,3,1,0,0,0,1,125,119,83,7,2,1
豆腐(北),98,0,138,12,0,63,5,0,2,2,0,1,0,7,1,5,0,0,1,106,158,80,7,2,1
豆腐(南)[南豆腐],57,0,116,6,0,36,2,1,2,2,0,0,0,4,1,0,0,0,1,154,90,88,3,3,1
豆腐(内酯),49,0,17,5,0,24,2,0,1,3,0,0,0,3,1,0,0,0,1,95,57,89,6,1,1
豆腐脑[老豆腐],15,0,18,2,0,28,1,0,1,0,0,0,0,10,0,0,0,0,1,107,5,97,3,0,1
豆浆,14,0,10,2,0,9,1,0,0,0,0,0,1,1,0,15,0,0,0,48,30,96,3,0,1
豆奶[豆乳],30,0,23,2,0,7,2,0,1,2,0,0,0,4,0,0,5,6,0,92,35,94,3,1,21
豆汁(生),10,0,8,1,0,6,0,0,0,1,0,0,0,0,0,0,0,0,0,47,21,97,6,0,1
酸豆奶,67,0,32,2,0,16,1,1,0,12,0,0,0,1,0,0,0,0,0,70,22,84,19,0,1
豆腐丝,201,0,204,22,0,127,10,0,9,5,0,2,1,10,2,5,0,0,3,74,220,58,21,1,8
豆腐丝(干),451,0,5,58,1,0,23,0,1,4,0,2,0,8,4,0,0,0,8,7,74,7,110,3,0
豆腐丝(油),300,0,152,24,0,93,17,2,5,12,0,1,2,18,3,3,0,0,6,208,423,38,769,6,8
豆腐卷,201,0,156,18,0,152,12,0,6,6,0,2,1,28,3,30,0,0,2,82,288,62,81,3,8
豆腐皮,409,0,116,45,0,111,17,2,14,19,0,4,0,21,4,0,0,2,3,536,318,16,9,2,27
油豆腐,244,0,147,17,0,72,18,0,5,4,0,1,1,25,2,5,0,0,2,158,238,59,32,1,8
腐竹,459,0,77,45,0,71,22,1,16,21,0,3,1,28,4,0,0,1,4,553,284,8,26,7,27
枝竹,472,0,49,44,0,162,25,1,11,18,0,3,3,27,3,0,0,1,3,837,490,7,83,6,7
千张[百页],260,0,313,24,0,80,16,0,6,4,0,2,1,23,3,5,0,0,2,94,309,52,21,2,8
豆腐干(均值),140,0,308,16,0,64,4,0,5,11,0,1,1,0,2,0,0,1,4,140,273,65,76,0,8
豆腐干(菜干),136,0,179,13,0,81,7,0,3,5,0,1,0,1,1,0,0,0,3,70,79,71,634,0,1
豆腐干(臭干),99,0,720,10,0,40,5,0,4,4,0,1,0,0,1,0,0,0,3,136,166,78,34,3,1
豆腐干(酱油干),156,0,413,15,0,46,9,0,6,4,0,1,0,16,1,0,0,1,2,130,188,70,90,0,8
豆腐干(卤干),336,0,731,14,0,43,17,0,4,32,0,1,2,0,4,0,0,1,3,134,162,32,41,0,19
豆腐干(蒲包干),135,0,134,12,0,21,6,0,9,9,0,1,0,14,2,0,0,0,1,236,57,72,633,0,1
豆腐干(香干),151,0,299,16,0,88,8,0,6,4,0,1,1,16,2,7,0,0,2,99,219,69,234,3,8
豆腐干(小香干),174,0,1019,18,0,87,9,0,23,5,0,2,0,7,3,0,0,0,7,141,177,61,372,24,19
豆腐干(熏干),153,0,173,16,0,109,6,1,4,8,0,1,0,7,2,2,0,0,2,136,109,68,233,9,8
豆肝尖,192,0,5,17,0,25,12,0,7,4,0,1,6,38,2,0,0,0,4,24,209,58,614,3,8
素大肠,153,0,445,18,0,56,4,0,4,12,0,1,1,0,4,0,0,1,2,179,249,63,145,0,8
素火腿,211,0,8,19,0,25,13,0,7,4,0,2,1,26,2,0,0,0,8,24,115,55,676,3,8
素鸡,192,0,319,16,0,61,12,0,5,3,0,1,1,18,2,10,0,0,2,42,180,64,374,7,8
素鸡丝卷,186,0,103,11,0,121,14,0,6,4,0,2,6,28,2,5,0,0,2,56,261,64,0,2,8
素什锦,173,0,174,14,0,45,10,0,6,6,0,1,2,10,1,0,0,0,2,143,186,65,475,3,8
炸素虾,576,0,251,28,0,110,44,2,6,17,0,1,3,51,2,0,0,0,5,211,245,3,1440,4,0
烤麸,121,0,30,20,0,38,0,1,3,9,0,1,0,0,1,0,0,0,1,25,72,69,230,0,8
绿豆,316,0,81,22,0,125,1,2,6,56,0,1,6,11,2,22,0,1,3,787,337,12,3,4,30
绿豆面,330,0,134,21,0,0,1,1,8,60,0,0,6,0,3,15,0,2,3,1055,304,10,3,11,30
绿豆饼[饼折],122,0,18,15,0,2,1,0,1,13,0,0,0,0,0,0,0,0,1,16,25,70,3,0,1
赤小豆[小豆，红小豆],309,0,74,20,0,138,1,2,7,56,0,1,8,14,2,13,0,1,3,860,305,13,2,4,30
小豆粥,61,0,13,1,0,17,0,0,1,13,0,0,1,0,0,0,0,0,0,45,14,84,2,0,1
豆沙,243,0,42,6,0,2,2,0,8,51,0,0,2,4,0,0,0,0,1,139,68,39,24,1,3
红豆馅,240,0,2,5,0,13,4,2,1,47,0,0,8,9,1,0,0,0,1,226,89,36,3,1,3
花豆(红),317,0,38,19,0,17,1,3,0,57,0,1,6,6,1,72,0,1,2,358,48,15,12,19,3
花豆(紫),315,0,221,17,0,120,1,3,6,58,0,1,7,10,3,47,0,1,2,641,169,13,20,74,23
芸豆(白),296,0,0,23,0,0,1,2,0,47,0,0,10,6,0,0,0,0,4,0,0,14,0,0,3
芸豆(红),314,0,176,21,0,164,1,2,5,54,0,1,8,8,2,30,0,1,4,1215,218,11,1,5,30
芸豆(虎皮),334,0,156,22,0,31,1,2,2,59,0,1,4,6,1,0,0,1,4,809,66,10,3,10,30
芸豆(杂，带皮),306,0,349,22,0,197,1,0,9,53,0,1,10,0,2,0,0,1,4,1058,386,10,10,14,30
蚕豆,335,0,31,22,0,57,1,2,8,60,2,1,2,2,3,0,0,1,3,1117,418,13,86,1,30
蚕豆(带皮),304,0,49,25,0,113,1,2,3,49,0,1,11,5,5,8,0,1,3,992,339,12,21,4,30
蚕豆(去皮),342,0,54,25,0,94,2,2,2,56,0,1,2,7,3,50,0,1,3,801,181,11,2,5,30
马牙大豆,321,1,7,27,0,89,1,0,1,51,0,1,8,2,3,0,0,3,3,181,510,10,87,1,25
脑豆,360,0,327,23,0,171,4,3,8,58,0,2,2,19,2,0,0,1,2,686,354,11,12,7,30
蚕豆(烤),372,0,229,27,0,138,2,5,5,62,0,1,2,5,3,18,0,1,3,1083,454,4,11,5,30
蚕豆(炸)[开花豆],446,0,207,27,0,69,20,8,4,40,0,0,0,5,3,0,0,1,2,742,330,10,548,2,27
扁豆,326,0,137,25,0,92,0,3,19,55,0,1,6,2,2,5,0,1,2,439,218,10,2,32,3
扁豆(白),257,0,68,19,0,163,1,1,4,42,0,1,13,1,2,0,0,1,5,1070,340,19,1,1,30
眉豆[饭豇豆],320,0,60,19,0,171,1,2,6,59,0,2,7,12,5,0,0,1,3,525,310,12,86,3,30
豇豆,322,0,40,19,0,36,1,2,7,58,0,1,7,9,3,10,0,2,3,737,344,11,7,6,30
豇豆(紫),315,0,67,19,0,41,0,2,8,59,0,1,7,11,2,3,0,1,4,500,345,11,4,2,3
豌豆,313,0,97,20,0,118,1,2,5,55,0,1,10,8,2,42,0,0,2,823,259,10,10,2,30
豌豆(花),322,1,106,22,0,112,1,2,4,57,0,1,7,10,2,40,0,1,2,736,218,12,3,10,25
荆豆,396,0,207,44,0,0,14,2,7,23,0,0,5,0,0,42,0,0,5,0,785,9,0,0,19
木豆[扭豆，豆蓉],340,1,231,20,0,0,4,0,12,55,0,0,4,0,0,0,0,0,6,0,528,11,0,0,25
白萝卜[莱菔],21,0,36,1,0,16,0,0,0,4,21,0,1,1,0,3,0,0,1,173,26,93,62,1,1
变萝卜[红皮萝卜],27,0,45,1,0,22,0,1,1,5,24,0,1,2,0,3,0,0,1,167,33,92,68,1,1
红旦旦萝卜,17,0,9,1,0,11,0,0,3,4,4,0,1,1,0,0,0,0,0,63,43,94,20,1,1
红萝卜,20,0,11,1,0,16,0,0,3,4,3,0,1,1,1,0,0,0,0,110,26,94,63,0,1
红心萝卜,38,0,86,1,0,23,0,0,1,8,20,0,1,0,1,13,0,0,1,385,30,88,49,1,1
花叶萝卜,43,0,16,1,0,20,0,0,3,9,3,0,2,0,1,0,0,0,0,104,25,87,47,0,1
青萝卜,31,0,40,1,0,12,0,0,1,6,14,0,1,0,0,10,0,0,1,232,34,91,70,1,1
水萝卜[脆萝卜],20,0,0,1,0,0,0,0,0,4,45,0,1,0,0,42,0,0,1,0,0,93,10,0,1
小水萝卜[算盘子，红皮萝卜],19,0,32,1,0,17,0,0,0,3,22,0,1,1,0,3,0,0,1,286,21,94,34,1,1
心里美萝卜,21,0,68,1,0,34,0,0,0,4,23,0,1,0,0,2,0,0,1,116,24,94,85,1,1
胡萝卜(红)[金笋，丁香萝卜],37,0,32,1,0,14,0,1,1,8,13,0,1,0,0,688,0,0,1,190,27,89,71,1,1
胡萝卜(黄),43,0,32,1,0,7,0,0,0,9,16,0,1,0,0,668,0,0,1,193,16,87,25,3,1
胡萝卜(脱水),320,0,458,4,0,82,2,3,8,72,32,1,6,0,2,2875,0,1,5,1117,118,11,301,4,30
芥菜头[大头菜，水芥],33,0,65,2,0,19,0,1,1,6,34,0,1,0,0,0,0,0,1,243,36,90,66,1,1
苤蓝[玉蔓菁，球茎甘蓝],30,0,25,1,0,24,0,0,0,6,41,0,1,0,0,3,0,0,1,190,46,91,30,0,1
甜菜根[甜菜头，糖萝卜],75,0,56,1,0,38,0,0,1,18,8,1,6,2,0,0,0,0,1,254,18,75,21,0,1
扁豆[月亮菜],37,0,38,3,0,34,0,1,2,6,13,0,2,0,1,25,0,0,1,178,54,88,4,1,1
蚕豆,335,0,31,22,0,57,1,2,8,60,2,1,2,2,3,0,0,1,3,1117,418,13,86,1,30
刀豆,36,0,49,3,0,29,0,1,5,5,15,0,2,0,1,37,0,0,1,209,57,89,8,1,1
豆角,30,0,29,2,0,35,0,1,2,5,18,0,2,2,1,33,0,0,1,207,55,90,3,2,1
豆角(白),30,0,26,2,0,28,0,1,1,5,39,1,3,2,1,97,0,0,0,192,40,90,10,2,1
荷兰豆,27,0,51,2,0,16,0,1,1,4,16,0,1,0,0,80,0,0,0,116,19,92,9,0,1
龙豆,32,0,147,4,0,46,0,1,1,3,11,0,2,1,0,87,0,0,1,142,54,90,4,4,1
龙牙豆[玉豆],17,0,30,3,1,20,0,1,1,1,12,1,1,0,0,87,0,0,0,200,38,94,2,6,1
毛豆[青豆，菜用大豆],123,0,135,13,0,70,5,1,4,6,27,1,4,2,2,22,0,1,2,478,188,70,4,2,8
四季豆[菜豆],28,0,42,2,0,27,0,0,2,4,6,0,2,1,0,35,0,0,1,123,51,91,9,0,1
豌豆(带荚)[回回豆],105,0,21,7,0,43,0,2,2,18,14,1,3,1,1,37,0,0,1,332,127,70,1,2,1
豌豆尖,223,0,17,3,0,24,0,0,5,53,11,1,1,0,1,452,0,0,1,160,65,42,3,2,3
油豆角[多花菜豆],22,0,69,2,0,35,0,1,2,2,11,0,2,2,0,27,0,1,1,240,56,92,3,1,1
垅船豆,34,0,37,2,0,22,0,0,1,6,13,0,1,0,0,13,0,0,0,192,0,90,1,0,1
芸豆,25,0,88,1,0,16,0,1,1,5,9,0,2,0,1,40,0,0,1,112,37,91,4,0,1
豇豆,322,0,40,19,0,36,1,2,7,58,0,1,7,9,3,10,0,2,3,737,344,11,7,6,30
豇豆(长),29,0,42,3,0,43,0,1,1,4,18,0,2,1,1,20,0,0,0,145,50,91,5,1,1
发芽豆,128,0,41,12,0,1,1,2,5,18,4,0,1,3,1,0,0,0,1,179,134,66,4,1,8
黄豆芽,44,0,21,4,0,21,2,1,1,3,8,0,2,1,1,5,0,0,1,160,74,89,7,1,1
绿豆芽,18,0,9,2,0,18,0,0,1,2,6,0,1,0,0,3,0,0,0,68,37,95,4,0,1
豌豆苗,34,0,40,4,0,21,1,1,4,3,67,1,2,2,1,445,0,0,1,222,67,90,18,1,1
茄子(均值),21,0,24,1,0,13,0,1,0,4,5,0,1,1,0,8,0,0,0,142,23,93,5,0,1
茄子(绿皮),25,0,12,1,0,13,1,1,0,4,7,0,1,1,0,20,0,0,0,162,26,93,7,1,1
茄子(圆),28,0,5,2,0,17,0,0,2,5,1,0,2,1,0,0,0,0,0,112,19,91,3,0,1
茄子(紫皮，长),19,0,55,1,0,15,0,1,0,4,7,0,2,0,0,30,0,0,0,136,28,93,6,1,1
番茄[西红柿],19,0,10,1,0,9,0,1,0,4,19,0,0,1,0,92,0,0,0,163,23,94,5,0,1
番茄(整个，罐头),21,0,31,2,0,12,1,1,0,2,5,0,1,2,0,192,0,0,1,197,22,94,247,0,1
奶柿子[西红柿],13,0,15,1,0,9,0,1,0,2,8,0,1,1,0,88,0,0,0,163,21,96,8,0,1
辣椒(红，尖，干),212,1,12,15,0,131,12,1,6,11,0,12,42,9,8,0,0,1,6,1085,298,15,4,0,12
辣椒(红，小),32,0,37,1,0,16,0,1,1,6,144,0,3,0,0,232,0,0,1,222,95,89,3,2,1
辣椒(青，尖),23,0,15,1,0,15,0,0,1,4,62,0,2,1,0,57,0,0,1,209,33,92,2,1,1
甜椒[灯笼椒，柿子椒],22,0,14,1,0,12,0,1,1,4,72,0,1,1,0,57,0,0,0,142,20,93,3,0,1
甜椒(脱水),307,0,130,8,0,145,0,4,7,68,846,1,8,6,2,2818,0,1,5,1443,106,10,26,3,22
葫子,27,0,49,1,0,10,0,1,0,6,29,0,1,1,1,163,0,1,0,73,27,92,1,4,1
秋葵[黄秋葵，羊角豆],37,0,45,2,0,29,0,1,0,7,4,0,4,1,0,52,0,0,1,95,65,86,4,1,1
白瓜,10,0,6,1,0,8,0,0,0,2,16,0,1,0,0,0,0,0,0,70,11,96,1,1,1
菜瓜[生瓜，白瓜],18,0,20,1,0,15,0,0,0,4,12,0,0,0,0,3,0,0,0,136,14,95,2,1,1
冬瓜,11,0,19,0,0,8,0,0,0,2,18,0,1,0,0,13,0,0,0,78,12,97,2,0,1
方瓜,13,0,40,1,0,9,0,1,0,2,2,0,1,0,1,23,0,0,0,4,13,96,4,0,1
佛手瓜[棒瓜，菜肴梨],16,0,17,1,0,10,0,0,0,3,8,0,1,0,0,3,0,0,1,76,18,94,1,1,1
葫芦[长瓜，蒲瓜，瓠瓜],15,0,16,1,0,7,0,0,0,3,11,0,1,0,0,7,0,0,0,87,15,95,1,0,1
葫芦条(干),219,0,114,4,0,80,2,1,8,46,0,2,18,0,3,0,0,1,4,480,187,25,36,2,3
黄瓜[胡瓜],15,0,24,1,0,15,0,0,0,2,9,0,0,0,0,15,0,0,0,102,24,96,5,0,1
节瓜[毛瓜],12,0,4,1,0,7,0,0,0,2,39,0,1,0,0,0,0,0,0,40,13,96,0,0,1
金瓜,14,0,17,0,0,8,0,1,1,3,2,0,1,0,0,10,0,0,0,152,10,96,1,0,1
金丝瓜[裸瓣瓜],37,0,25,3,0,13,2,1,0,1,1,0,1,0,2,2,0,0,1,90,28,92,2,1,1
苦瓜[凉瓜，癞瓜],19,0,14,1,0,18,0,0,1,4,56,0,1,1,0,17,0,0,1,256,35,93,2,0,1
南瓜[倭瓜，番瓜],22,0,16,1,0,8,0,0,0,4,8,0,1,0,0,148,0,0,0,145,24,94,1,0,1
南瓜粉,320,0,171,7,1,18,2,12,28,68,7,1,12,27,1,10,0,1,5,411,307,6,84,2,3
蛇瓜[蛇豆，大豆角],15,0,191,2,0,47,0,0,1,2,4,0,2,0,0,3,0,0,0,763,14,94,2,0,1
丝瓜,20,0,14,1,0,11,0,0,0,4,5,0,1,0,0,15,0,0,0,115,29,94,3,1,1
笋瓜[生瓜],12,0,14,0,0,7,0,0,1,2,5,0,1,0,0,17,0,0,0,96,27,96,0,0,1
西葫芦,18,0,15,1,0,9,0,0,0,3,6,0,1,0,0,5,0,0,0,92,17,95,5,0,1
面西胡瓜,10,0,14,1,0,12,0,0,1,2,0,0,0,0,0,97,0,0,0,70,3,97,1,0,1
小西胡瓜,22,0,5,1,0,0,0,0,0,5,0,0,0,0,0,0,0,0,0,18,6,94,2,1,1
大蒜[蒜头],126,0,39,4,0,21,0,1,1,26,7,0,1,1,1,5,0,0,1,302,117,67,20,3,1
大蒜(脱水),339,0,65,13,0,61,0,0,7,71,79,1,4,0,2,0,0,1,4,798,297,7,37,19,30
大蒜(紫皮),136,0,10,5,0,28,0,1,1,28,7,0,1,1,1,3,0,0,1,437,129,64,8,6,1
青蒜,30,0,24,2,0,17,0,1,1,4,16,0,2,1,0,98,0,0,1,168,25,90,9,1,1
蒜黄,21,0,24,2,0,16,0,1,1,2,18,0,1,1,0,47,0,0,0,168,58,93,8,1,1
蒜苗,37,0,29,2,0,18,0,0,1,6,35,0,2,1,0,47,0,0,1,226,44,89,5,1,1
蒜苔,61,0,19,2,0,28,0,0,4,13,1,0,2,1,1,80,0,0,1,161,52,82,4,2,1
大葱,30,0,29,2,0,19,0,0,1,5,17,0,1,0,0,10,0,0,0,144,38,91,5,1,1
大葱(红皮),46,0,24,2,0,18,0,0,0,9,8,0,1,0,0,8,0,0,1,329,53,86,3,7,1
分葱[四季葱，菜葱],33,0,85,2,0,21,1,1,1,4,24,0,1,0,0,0,0,0,0,226,32,92,8,0,1
细香葱[香葱，四季葱],37,0,54,2,0,0,0,0,2,6,14,0,1,0,0,77,0,0,0,0,61,90,0,0,1
小葱,24,0,72,2,0,18,0,0,1,4,21,0,1,0,0,140,0,0,0,143,26,93,10,1,1
洋葱[葱头],39,0,24,1,0,15,0,0,1,8,8,0,1,0,0,3,0,0,0,147,39,89,4,1,1
洋葱(白皮，脱水),330,0,186,6,0,49,0,1,1,76,22,1,6,0,1,5,0,0,3,740,78,9,32,4,3
洋葱(紫皮，脱水),324,0,351,7,0,132,0,1,6,73,5,1,8,0,1,3,0,1,3,912,162,9,77,2,30
韭菜,26,0,42,2,0,25,0,1,2,3,24,0,1,1,0,235,0,0,1,247,38,92,8,1,1
韭黄[韭芽],22,0,25,2,0,12,0,1,2,3,15,0,1,0,0,43,0,0,0,192,48,93,7,1,1
韭苔,33,0,11,2,0,22,0,0,4,6,1,0,2,1,1,80,0,0,0,121,29,89,1,2,1
薤[皎头],0,0,160,0,0,39,0,0,4,0,27,0,0,0,1,560,0,0,0,120,58,81,0,0,1
薤白[小根蒜，山蒜，团蒜],122,0,100,3,0,0,0,1,5,26,36,0,1,0,0,15,0,0,1,0,53,68,0,0,1
大白菜(均值),17,0,50,2,0,11,0,1,1,2,31,0,1,1,0,20,0,0,1,0,31,95,58,0,1
大白菜(白梗)[黄芽白],21,0,69,2,0,12,0,1,0,3,47,0,1,1,0,42,0,0,1,130,30,94,89,0,1
大白菜(青白口),15,0,35,1,0,9,0,0,1,2,28,0,1,0,1,13,0,0,0,90,28,95,48,0,1
大白菜(小白口),14,0,45,1,0,11,0,0,1,2,19,0,1,0,0,5,0,0,1,137,35,95,35,1,1
白菜(脱水),286,0,908,6,0,219,1,5,14,64,187,3,9,0,5,0,0,1,10,2269,485,10,492,6,30
酸白菜[酸菜],14,0,48,1,0,21,0,1,2,2,2,0,0,1,0,5,0,0,1,104,38,95,43,1,1
小白菜,15,0,90,2,0,18,0,1,2,2,28,0,1,1,1,280,0,0,1,178,36,94,74,1,1
白菜薹[菜薹，菜心],25,0,96,3,0,19,0,1,3,2,44,0,2,1,1,160,0,0,1,236,54,91,26,7,1
红菜薹[紫菜薹],41,0,26,3,0,15,2,1,2,2,57,0,1,1,1,13,0,0,1,221,60,91,2,8,1
瓢儿白[瓢儿菜],15,0,59,2,0,91,0,0,2,2,10,0,2,0,1,200,0,0,1,245,36,94,57,3,1
乌菜[乌塌菜，塌棵菜],25,0,186,3,0,24,0,1,3,3,45,0,1,1,1,168,0,0,1,154,53,92,116,0,1
油菜,23,0,108,2,0,22,0,1,1,3,36,0,1,1,0,103,0,0,1,210,39,93,56,1,1
油菜(黑),17,0,191,2,0,34,0,0,6,2,24,1,1,1,1,243,0,0,1,143,34,94,99,0,1
油菜(脱水),299,0,596,8,0,105,1,10,19,66,124,1,9,8,5,577,0,3,8,635,182,9,405,13,30
油菜(小),11,0,153,1,0,27,0,0,4,1,7,0,1,1,1,243,0,0,1,157,41,96,53,0,1
油菜薹[菜薹],20,0,156,3,0,27,0,1,3,1,65,0,2,1,1,90,0,0,1,192,51,92,83,1,1
甘蓝[圆白菜，卷心菜],22,0,49,2,0,12,0,0,1,4,40,0,1,0,0,12,0,0,0,124,26,93,27,1,1
菜花[花椰菜],24,0,23,2,0,18,0,1,1,3,61,0,1,0,0,5,0,0,1,200,47,92,32,1,1
菜花(脱水)[脱水花椰菜],286,0,185,6,0,99,1,7,6,64,82,1,13,0,2,0,0,1,6,554,182,10,264,6,3
西兰花[绿菜花],33,0,67,4,0,17,1,1,1,3,51,0,2,1,1,1202,0,0,1,17,72,90,19,1,1
芥菜[雪里红，雪菜],24,0,230,2,0,24,0,0,3,3,31,0,2,1,1,52,0,0,1,281,47,92,30,1,1
芥菜(大叶)[盖菜],14,0,28,2,0,18,0,0,1,1,72,1,1,1,0,283,0,0,1,224,36,95,29,1,1
芥菜(茎用)[青头菜],7,0,23,1,0,5,0,0,1,0,7,0,3,1,0,47,0,0,1,316,35,95,41,1,1
芥菜(小叶)[小芥菜],24,0,80,2,0,23,0,1,2,3,51,0,1,2,0,242,0,0,1,210,40,93,39,0,1
芥蓝[甘蓝菜，盖蓝菜],19,0,128,3,0,18,0,1,2,1,76,1,2,1,1,575,0,0,1,104,50,93,50,1,1
菠菜[赤根菜],24,0,66,3,0,58,0,1,3,3,32,1,2,2,1,487,0,0,1,311,47,91,85,1,1
菠菜(脱水),283,0,411,6,0,183,1,4,26,63,82,2,13,8,4,598,0,2,8,919,222,9,242,7,30
冬寒菜[冬苋菜，冬葵],30,0,82,4,0,30,0,1,2,3,20,2,2,0,1,1158,0,0,1,280,56,90,14,2,1
观达菜[根达菜，牛皮菜],14,0,70,2,0,20,0,0,1,1,23,0,1,0,1,63,0,0,1,222,41,95,260,1,1
胡萝卜缨(红),40,0,350,2,0,33,0,0,8,7,41,0,4,0,1,162,0,0,4,493,39,82,75,1,1
苦菜[节节花，拒马菜],35,0,66,3,0,37,1,1,9,5,19,2,5,3,1,90,0,0,1,180,41,85,9,0,1
萝卜缨(白),14,0,0,3,0,0,0,0,0,0,77,0,1,0,0,0,0,0,5,0,0,91,0,0,1
萝卜缨(青),32,0,110,3,0,27,0,0,1,5,41,1,3,0,0,33,0,0,2,424,27,87,91,0,1
萝卜缨(小萝卜),20,0,238,2,0,13,0,0,0,3,51,0,1,1,0,118,0,0,1,101,32,93,43,1,1
落葵[木耳菜，软浆菜],20,0,166,2,0,62,0,1,3,3,34,0,2,2,0,337,0,0,1,140,42,93,47,3,1
芹菜(白茎)[旱芹，药芹],14,0,48,1,0,10,0,0,1,2,12,0,1,2,0,10,0,0,1,154,50,94,74,0,1
芹菜茎,20,0,80,1,0,18,0,0,1,3,8,0,1,1,0,57,0,0,1,206,38,93,159,1,1
芹菜叶,31,0,40,3,0,58,1,1,1,4,22,1,2,2,1,488,0,1,2,137,64,89,83,2,1
生菜(牛俐)[油麦菜],15,0,70,1,0,29,0,0,1,2,20,0,1,0,0,60,0,0,0,100,31,96,80,2,1
生菜(叶用莴苣),13,0,34,1,0,18,0,0,1,1,13,0,1,1,0,298,0,0,1,170,27,96,33,1,1
甜菜叶,19,0,117,2,0,72,0,0,3,4,30,0,1,0,0,610,0,0,2,547,40,92,201,0,1
香菜[芫荽],31,0,101,2,0,33,0,2,3,5,48,0,1,1,0,193,0,0,1,272,49,90,48,1,1
香菜(脱水),293,0,1723,7,0,269,1,6,22,63,75,2,8,22,2,472,0,2,11,1031,151,9,1218,14,36
苋菜(绿),25,0,187,3,0,119,0,1,5,3,47,1,2,0,1,352,0,0,2,207,59,90,32,1,1
苋菜(紫)[红苋],31,0,178,3,0,38,0,1,3,4,30,0,2,2,1,248,0,0,2,340,63,89,42,0,1
茼蒿[蓬蒿菜，艾菜],21,0,73,2,0,20,0,1,2,3,18,0,1,1,0,252,0,0,1,220,36,93,161,1,1
茴香[小茴香],24,0,154,2,0,46,0,1,1,3,26,0,2,1,1,402,0,0,2,149,23,91,186,1,1
荠菜[蓟菜，菱角菜],27,0,294,3,0,37,0,1,5,3,43,1,2,1,1,432,0,0,1,280,81,91,32,1,1
莴笋[莴苣],14,0,23,1,0,19,0,0,1,2,4,0,1,0,0,25,0,0,1,212,48,96,36,1,1
莴笋叶[莴苣叶],18,0,34,1,0,19,0,0,2,3,13,0,1,1,1,147,0,0,1,148,26,94,39,1,1
蕹菜[空心菜，藤藤菜],20,0,99,2,0,29,0,1,2,2,25,1,1,1,0,253,0,0,1,243,38,93,94,1,1
竹笋,19,0,9,3,0,1,0,1,0,2,5,1,2,0,0,0,0,0,1,389,64,93,0,0,1
白笋(干),196,0,31,26,0,22,4,0,4,14,0,2,43,0,3,2,0,2,3,1754,222,10,1,2,12
鞭笋[马鞭笋],11,0,17,3,0,13,0,0,2,0,7,1,7,0,1,0,0,0,1,379,49,90,5,0,1
春笋,20,0,8,2,0,8,0,0,2,2,5,1,3,0,0,5,0,0,1,300,36,91,6,1,1
冬笋,40,0,22,4,0,0,0,1,0,6,1,0,1,0,0,13,0,0,1,0,56,88,0,0,1
黑笋(干),213,0,30,18,0,82,2,2,19,30,0,5,27,0,8,0,0,1,8,115,426,14,6,4,12
毛笋[毛竹笋],21,0,16,2,0,8,0,0,1,2,9,0,1,0,0,0,0,0,1,318,34,93,5,0,1
玉兰片,43,0,42,3,0,5,0,0,4,7,1,1,11,2,0,0,0,0,0,66,29,78,2,0,1
百合,162,0,11,3,0,43,0,1,1,37,18,0,2,0,0,0,0,0,1,510,61,57,7,0,1
百合(干),343,0,32,7,0,42,0,1,6,78,0,1,2,0,1,0,0,1,3,344,92,10,37,2,3
百合(脱水),343,0,29,8,0,43,0,1,5,77,7,1,2,0,1,0,0,2,3,492,72,10,70,3,3
金针菜[黄花菜],199,0,301,19,0,85,1,3,8,27,10,1,8,5,4,307,0,0,4,610,216,40,59,4,30
菊苣,17,0,52,1,0,15,0,0,1,3,7,0,1,0,1,205,0,0,1,314,28,94,22,0,1
芦笋[石刁柏，龙须菜],19,0,10,1,0,10,0,1,1,3,45,0,2,0,0,17,0,0,1,213,42,93,3,0,1
慈菇[乌芋，白地果],94,0,14,5,0,24,0,2,2,18,4,0,1,2,1,0,0,0,2,707,157,74,39,1,1
豆瓣菜[西洋菜，水田芥],17,0,30,3,0,9,0,0,1,0,52,0,1,1,1,1592,0,0,1,179,26,94,61,1,1
菱角(老)[龙角],98,0,7,4,0,49,0,2,1,20,13,0,2,0,1,2,0,0,1,437,93,73,6,0,1
藕[莲藕],70,0,39,2,0,19,0,0,1,15,44,1,1,1,0,3,0,0,1,243,58,80,44,0,1
蒲菜[香蒲，甘蒲，野茭白],12,0,53,1,0,0,0,0,0,2,6,0,1,0,0,2,0,0,1,0,24,95,0,0,1
水芹菜,11,0,38,1,0,16,0,1,7,1,5,1,1,0,0,63,0,0,0,212,32,96,41,1,1
茭白[茭笋，茭粑],23,0,4,1,0,8,0,0,0,4,5,0,2,1,0,5,0,0,0,209,36,92,6,0,1
荸荠[马蹄，地栗],59,0,4,1,0,12,0,1,1,13,7,0,1,1,0,3,0,0,1,306,44,84,16,1,1
莼菜(瓶装)[花案菜],20,0,42,1,0,3,0,0,2,3,0,0,0,1,1,55,0,0,0,2,17,94,8,1,1
大薯[参薯],105,0,10,2,0,16,0,0,1,24,0,0,1,0,0,0,0,0,1,0,45,72,0,1,1
豆薯[凉薯，地瓜，沙葛],55,0,21,1,0,14,0,0,1,13,13,0,1,1,0,0,0,0,0,111,24,85,6,0,1
葛[葛署，粉葛],145,0,0,2,0,0,0,0,1,34,24,0,2,0,0,0,0,0,1,0,48,60,0,1,1
山药[薯蓣，大薯],56,0,16,2,0,20,0,0,0,12,5,0,1,0,0,3,0,0,1,213,34,85,19,1,1
山药(干),324,0,62,9,0,0,1,0,0,69,0,0,1,0,1,0,0,1,4,269,17,15,104,3,3
芋头[芋艿，毛芋],79,0,36,2,0,23,0,1,1,17,6,0,1,0,0,27,0,0,1,378,55,79,33,1,1
槟榔芋,87,0,45,3,0,25,0,0,1,19,6,0,1,0,0,0,0,0,1,0,33,76,0,2,1
姜[黄姜],41,0,27,1,0,44,1,1,1,8,4,3,3,0,0,28,0,0,1,295,25,87,15,1,1
姜(干),273,0,62,9,0,0,6,0,85,46,0,11,18,0,2,0,0,1,6,41,22,15,10,3,18
姜(子姜)[嫩姜],19,0,9,1,0,24,1,0,1,3,2,3,1,0,0,0,0,0,0,160,11,94,2,0,1
洋姜[菊芋，鬼子姜],56,0,23,2,0,24,0,1,7,12,5,0,4,1,0,0,0,0,1,458,27,81,12,1,1
艾蒿,0,0,137,0,0,54,0,0,8,0,7,1,4,0,1,27,0,0,0,677,60,86,0,0,1
白花菜,0,0,26,0,0,33,0,0,1,0,12,6,0,0,0,0,0,0,0,152,6,94,216,0,1
白花桔梗,0,0,44,0,0,41,0,0,3,0,36,0,3,4,0,0,0,0,0,146,106,81,12,0,1
白沙蒿[沙蒿],52,0,305,4,0,0,1,1,16,7,8,0,2,0,0,733,0,0,2,0,82,84,0,0,1
白沙蒿籽[沙蒿籽],412,0,505,28,0,0,15,1,40,41,0,0,0,0,0,0,0,0,5,0,757,11,0,0,19
白薯叶[甘薯叶],58,0,174,5,0,66,1,1,3,8,56,1,1,0,0,995,0,1,2,495,40,84,42,0,1
百里香,0,0,218,0,0,104,0,0,28,0,0,1,0,0,1,585,0,1,0,470,42,83,36,0,1
败酱[胭脂麻],54,0,235,2,0,80,1,0,4,10,52,16,8,0,1,1003,0,0,1,456,113,79,1,0,1
扁蓄菜[竹节草],71,0,50,6,1,0,1,0,0,10,158,0,2,0,0,1592,0,0,2,0,47,79,0,0,1
朝鲜蓟,52,0,255,3,0,47,0,1,2,10,11,1,1,0,0,13,0,0,1,220,88,85,164,0,1
刺儿菜[小蓟，蓟蓟菜],38,0,252,4,0,36,0,2,2,4,44,0,2,0,0,998,0,0,2,253,40,87,0,0,1
刺楸,0,0,495,0,0,109,0,0,6,0,4,6,8,0,1,0,0,1,0,1641,125,54,0,0,30
达乌里胡枝子[牛枝子，豆豆苗],105,0,300,7,0,0,1,0,0,17,0,0,6,0,0,0,0,0,2,0,61,67,0,0,1
达乌里胡枝子籽[牛枝子籽，豆豆苗籽],345,1,392,37,0,0,8,3,5,31,0,0,11,0,0,0,0,0,3,0,486,10,0,0,25
大玻璃草叶[大车前],43,0,443,4,0,0,0,1,22,6,6,0,3,0,0,760,0,0,4,0,64,83,0,0,1
大巢菜[野苕子，野豌豆],52,0,270,4,0,0,0,0,0,8,0,0,6,0,0,0,0,0,2,0,70,80,0,0,1
大蓟叶[飞廉叶],35,0,0,2,0,0,1,0,0,4,31,0,1,0,0,508,0,0,1,0,0,91,0,0,1
地肤[益明，扫帚苗],61,0,281,5,0,118,1,2,6,8,39,0,2,0,1,953,0,0,5,702,66,79,62,0,1
地笋[地古牛，地瓜儿苗叶],60,0,297,4,0,25,1,1,4,9,7,0,5,0,1,1055,0,0,2,416,62,79,0,0,1
豆腐柴,0,0,126,0,0,38,0,0,6,0,2,13,8,0,1,0,0,0,0,444,97,82,0,0,1
独行菜,0,0,188,0,0,42,0,0,5,0,55,0,2,0,1,655,0,0,0,335,124,86,121,0,1
独行菜(宽),0,0,183,0,0,38,0,0,6,0,45,0,2,0,1,595,0,0,0,416,119,86,142,0,1
番杏[夏菠菜，新西兰菠菜],0,0,97,0,0,44,0,0,1,0,46,1,2,0,0,425,0,0,0,221,37,91,28,0,1
胡枝子[山豆子],117,0,0,5,0,0,2,0,0,19,0,0,10,0,0,0,0,0,2,0,0,61,0,0,1
草菇[大黑头细花草],23,0,17,3,0,21,0,8,1,3,0,0,2,0,1,0,0,0,0,179,33,92,73,0,1
大红菇(干)[草质红菇],200,0,1,24,7,30,3,20,8,19,2,1,32,0,4,13,0,2,6,228,523,16,2,11,20
地衣(水浸),6,0,14,2,0,275,0,0,21,0,0,8,2,2,5,37,0,1,1,102,53,96,11,10,1
冬菇(干)[毛柄金线菌],212,0,55,18,1,104,1,24,10,32,5,5,32,3,4,5,0,0,3,1155,469,13,20,7,4
猴头菇(罐装),13,0,19,2,0,5,0,0,3,1,4,0,4,0,0,0,0,0,1,8,37,92,175,1,1
黄蘑(干),166,0,11,16,1,91,2,6,22,22,0,3,18,1,5,12,0,0,3,1953,194,39,6,1,30
黄蘑(水发),21,0,3,4,0,24,0,2,6,0,0,1,5,0,1,0,0,0,1,512,51,90,2,0,1
金针菇[智力菇],26,0,0,2,0,17,0,4,1,3,2,0,3,1,0,5,0,0,1,195,97,90,4,0,1
金针菇(罐装),21,0,14,1,0,7,0,1,1,4,0,0,2,1,0,0,0,0,1,17,23,92,238,0,1
口蘑(白蘑),242,0,169,39,0,167,3,44,19,14,0,6,17,9,9,0,0,6,17,3106,1655,9,5,0,31
蘑菇(鲜蘑),20,0,6,3,0,11,0,4,1,2,2,0,2,1,1,2,0,0,1,312,94,92,8,1,1
蘑菇(干),252,0,127,21,1,94,5,31,51,32,5,2,21,6,6,273,0,1,8,1225,357,14,23,39,4
木耳(干)[黑木耳，云耳],205,0,247,12,0,152,2,2,97,36,0,9,30,11,3,17,0,0,5,757,292,16,48,4,18
木耳(水发)[黑木耳，云耳],21,0,34,2,0,57,0,0,6,3,1,1,3,8,1,3,0,0,0,52,12,92,8,0,1
平菇[糙皮侧耳，青蘑],20,0,5,2,0,14,0,3,1,2,4,0,2,1,1,2,0,0,1,258,86,92,4,1,1
普中红蘑(干),214,0,14,18,1,0,1,0,235,34,0,4,25,0,3,0,0,1,10,169,35,12,4,92,28
双孢蘑菇[洋蘑菇],23,0,2,4,0,9,0,3,1,1,0,0,2,0,7,0,0,0,1,307,43,92,2,7,1
松蘑(干)[松口蘑，松茸],112,0,14,20,1,0,3,0,86,0,0,2,48,3,6,0,0,10,12,93,50,16,4,98,18
香菇[香蕈，冬菇],19,0,2,2,0,11,0,2,0,2,1,0,3,0,1,0,0,0,1,20,53,92,1,3,1
香菇(干)[香蕈，冬菇],211,0,83,20,1,147,1,20,10,30,5,5,32,1,9,3,0,1,5,464,258,12,11,6,4
香杏丁蘑(干，大),207,0,17,22,3,0,0,0,113,29,0,3,25,0,8,0,0,5,9,238,73,14,43,15,18
香杏片口蘑(干),207,0,15,33,2,0,2,0,138,15,0,3,23,0,8,0,0,3,12,227,77,15,21,0,18
羊肚菌[干狼肚],295,0,87,27,2,117,7,9,31,31,3,2,13,4,12,178,0,2,8,1726,1193,14,34,5,4
银耳(干)[白木耳],200,0,36,10,0,54,1,5,4,37,0,0,30,1,3,8,0,0,7,1588,369,15,82,3,30
珍珠白蘑(干),212,0,24,18,0,0,1,0,190,33,0,5,23,0,4,0,0,1,13,284,28,12,4,79,28
榛蘑(干)[假蜜环菌],157,0,11,10,1,109,4,8,25,22,0,4,10,3,7,7,0,1,4,2493,286,51,51,3,30
榛蘑(水发),46,0,3,3,0,32,1,2,7,6,0,1,3,1,2,0,0,0,1,732,84,86,15,1,1
发菜(干)[仙菜],189,0,1048,20,1,129,0,1,85,26,6,3,35,0,2,0,0,1,7,217,76,11,101,5,18
海带[江白菜],12,0,46,1,0,25,0,1,1,2,0,0,0,2,0,0,0,0,2,246,22,94,9,10,1
海带(干)[江白菜，昆布],77,0,348,2,0,129,0,1,5,17,0,1,6,1,1,40,0,0,4,761,52,70,327,6,1
海带(浸)[江白菜，昆布],14,0,241,1,0,61,0,1,3,2,0,1,1,0,1,52,0,0,2,222,29,94,108,5,1
海冻菜[石花菜，冻菜],314,0,167,5,0,15,0,3,2,73,0,0,0,15,2,0,0,0,6,141,209,16,381,15,3
琼脂[紫菜胶洋粉],311,0,100,1,0,70,0,0,7,76,0,1,0,0,6,0,0,0,1,11,7,21,3,2,3
苔菜(干)[苔条，条浒苔],148,0,185,19,0,1257,0,4,284,17,0,0,9,0,4,0,0,1,31,410,302,24,4955,6,15
紫菜(干),207,0,264,27,1,105,1,7,55,22,2,4,22,2,2,228,0,2,15,1796,350,13,710,7,30
苹果(均值),52,0,4,0,0,4,0,0,1,12,4,0,1,2,0,3,0,0,0,119,12,86,2,0,1
伏苹果,45,0,15,0,0,8,0,0,0,11,2,0,1,0,0,0,0,0,0,78,7,87,1,0,1
国光苹果,54,0,8,0,0,7,0,0,0,12,4,0,1,0,0,10,0,0,0,83,14,86,1,0,1
旱苹果,30,0,0,0,0,0,0,0,0,7,0,0,2,0,0,0,0,0,0,0,0,91,0,0,1
红富士苹果,45,0,3,1,0,5,0,0,1,10,2,0,2,1,0,10,0,0,0,115,11,87,1,1,1
红香蕉苹果,49,0,5,0,0,3,0,0,1,11,3,0,1,0,0,17,0,0,0,85,8,87,2,0,1
红星苹果,57,0,2,0,0,3,0,0,0,14,1,0,1,0,0,2,0,0,0,0,4,85,2,2,1
红玉苹果,43,0,0,0,0,0,0,0,0,10,0,0,5,0,0,2,0,0,0,0,0,85,0,0,1
红元帅苹果,59,0,2,0,0,8,0,0,0,14,3,0,1,0,0,7,0,0,0,58,1,85,1,0,1
黄香蕉苹果,49,0,10,0,0,5,0,0,0,12,4,0,2,1,0,3,0,0,0,84,7,86,1,0,1
黄元帅苹果,55,0,5,0,0,3,0,0,0,13,4,0,2,0,0,15,0,0,0,184,5,85,1,0,1
金元帅苹果,51,0,2,0,0,2,0,0,0,12,4,0,1,1,0,15,0,0,0,72,5,86,2,0,1
青香蕉苹果,49,0,9,0,0,4,0,0,0,12,3,0,1,0,0,3,0,0,0,83,7,86,1,0,1
秋里蒙苹果,35,0,0,0,0,0,0,1,0,8,0,0,4,0,0,0,0,0,0,0,0,88,0,0,1
香玉苹果,59,0,3,0,0,3,0,0,0,14,6,0,2,1,0,10,0,0,0,173,6,83,3,0,1
印度苹果,44,0,0,1,0,0,0,0,0,10,0,0,5,0,0,3,0,0,0,0,0,84,0,0,1
祝光苹果,47,0,3,0,0,1,0,0,0,11,2,0,2,0,0,2,0,0,0,140,5,87,2,0,1
倭锦苹果,50,0,4,0,0,0,0,0,1,12,1,0,2,0,0,8,0,0,0,70,0,86,1,0,1
苹果(罐头),39,0,26,0,0,7,0,0,1,9,0,0,1,0,0,0,0,0,0,50,8,89,6,5,1
梨(均值),44,0,9,0,0,8,0,0,0,10,6,0,3,1,0,6,0,1,0,92,14,86,2,1,1
巴梨,46,0,6,0,0,2,0,0,0,11,11,0,2,1,0,2,0,0,0,145,5,86,1,0,1
长把梨,54,0,9,1,0,7,1,0,1,11,3,0,4,1,0,0,0,0,0,50,18,83,3,0,1
冬果梨,37,0,0,0,0,0,0,0,0,8,6,0,4,0,0,3,0,0,0,0,0,86,0,0,1
鹅黄梨,37,0,1,0,0,8,0,0,0,9,8,0,2,2,0,0,0,0,0,69,13,89,2,0,1
红肖梨,30,0,11,0,0,5,0,1,0,7,4,0,3,0,0,2,0,0,0,78,7,89,3,0,1
锦丰梨,45,0,0,0,0,0,0,0,0,11,6,0,3,0,0,3,0,0,0,0,0,86,0,0,1
京白梨,55,0,7,0,0,9,0,0,0,12,3,0,1,0,0,0,0,0,0,105,6,85,1,1,1
库尔勒梨,28,0,22,0,0,8,0,0,1,7,0,0,7,0,3,0,0,3,0,79,19,86,4,2,1
莱阳梨,49,0,10,0,0,8,0,0,0,12,3,0,3,1,0,0,0,0,1,82,8,85,2,0,1
马蹄黄梨,47,0,2,0,0,7,0,0,0,11,10,0,1,2,0,0,0,0,0,80,14,87,3,0,1
明月梨,53,0,2,0,0,8,0,0,0,12,6,0,1,2,0,0,0,0,0,110,14,86,1,1,1
木梨,28,0,4,0,0,6,0,0,0,6,5,0,2,0,0,0,0,0,0,121,13,91,3,0,1
苹果梨,48,0,4,0,0,9,0,0,0,12,4,0,2,0,0,5,0,0,0,180,19,85,2,3,1
软梨,14,0,25,0,0,12,0,0,1,3,0,0,9,0,1,3,0,5,0,105,19,87,1,8,21
苏梅梨,66,0,9,1,0,10,0,0,1,15,1,0,6,1,0,0,0,0,1,39,19,77,1,0,1
苏木梨,48,0,0,1,0,0,0,0,0,11,5,0,2,0,0,0,0,0,0,0,0,86,0,0,1
酥梨,43,0,2,0,0,8,0,0,0,10,11,0,1,2,0,0,0,0,0,76,16,88,2,0,1
酸梨,26,0,12,0,0,11,0,1,1,6,14,0,4,1,3,0,0,4,0,102,13,90,8,2,1
香梨,46,0,6,0,0,7,0,0,0,11,0,0,3,0,0,12,0,0,0,90,31,86,1,0,1
雪花梨,41,0,5,0,0,10,0,0,0,10,4,0,1,0,0,17,0,0,0,85,6,89,1,0,1
雪梨,73,0,12,1,0,13,0,0,1,17,1,0,3,0,0,0,0,0,0,45,11,78,1,0,1
鸭广梨,50,0,18,1,0,8,0,0,0,11,4,0,5,0,0,0,0,0,0,110,12,82,1,0,1
鸭梨,43,0,4,0,0,5,0,0,1,10,4,0,1,0,0,2,0,0,0,77,14,88,2,0,1
早酥梨,43,0,12,0,0,6,0,0,0,10,12,0,4,0,0,7,0,0,0,137,12,86,0,0,1
紫酥梨,47,0,1,0,0,7,0,0,0,11,9,0,2,4,0,0,0,0,0,86,16,86,2,0,1
鳄梨,161,0,11,2,0,39,15,2,1,7,8,0,2,0,0,61,0,0,1,599,41,74,10,0,1
冬果梨(罐头),47,0,16,0,0,5,0,0,1,11,0,0,4,0,1,0,0,0,0,13,5,84,2,1,1
梨(糖水罐头),33,0,2,0,0,3,0,0,0,7,0,0,1,0,0,0,0,0,0,15,3,90,2,0,1
红果[山里红，大山楂],95,0,52,0,0,19,1,0,1,22,53,0,3,7,0,17,0,0,1,299,24,73,5,1,1
红果(干),152,0,144,4,0,0,2,1,0,29,2,1,50,0,1,10,0,0,4,440,440,11,10,3,12
海棠果[楸子],73,0,15,0,0,13,0,0,0,17,20,0,2,0,0,118,0,0,0,263,16,80,1,0,1
海棠(罐头),53,0,43,0,0,21,0,0,2,12,0,0,1,0,1,0,0,0,0,56,11,85,9,6,1
沙果,66,0,5,0,0,9,0,0,1,16,3,0,2,0,0,0,0,0,0,123,14,81,2,0,1
吊蛋,56,0,11,1,0,8,0,0,0,12,0,0,4,2,0,0,0,0,0,136,9,82,1,2,1
面蛋,85,0,206,2,0,33,0,0,4,18,0,0,3,4,1,22,0,5,2,237,56,74,4,3,21
酸刺,107,0,105,3,0,24,0,0,12,23,74,0,2,2,1,25,0,9,1,259,39,71,8,4,21
桃(均值),48,0,6,1,0,7,0,1,1,11,7,0,1,2,0,3,0,0,0,166,20,86,6,0,1
白粉桃,25,0,0,1,0,0,0,0,0,5,9,0,1,0,0,0,0,0,0,0,0,93,0,0,1
高山白桃,40,0,7,1,0,4,0,0,1,9,10,0,1,1,0,3,0,0,0,169,11,88,1,0,1
旱久保桃,47,0,12,1,0,10,0,1,0,10,10,0,1,1,0,2,0,0,0,144,18,87,2,0,1
黄桃,54,0,0,0,0,0,0,0,0,13,9,0,1,1,0,15,0,0,0,0,7,85,0,1,1
金红桃,26,0,0,1,0,0,0,0,0,6,9,0,1,0,0,0,0,0,0,0,0,92,0,0,1
久保桃,41,0,10,1,0,8,0,1,0,9,8,0,1,1,0,0,0,0,0,100,16,89,2,0,1
蜜桃,41,0,10,1,0,9,0,1,0,9,4,0,1,1,0,2,0,0,0,169,21,89,3,0,1
蒲桃,33,0,4,0,0,13,0,0,0,7,25,0,3,1,0,0,0,0,0,109,14,89,1,4,1
庆丰桃,40,0,0,1,0,12,0,0,0,9,0,0,1,1,0,0,0,0,0,57,2,89,2,0,1
晚桃(黄),39,0,6,1,0,4,0,0,0,9,11,0,1,0,0,3,0,0,0,168,13,89,0,0,1
五月鲜桃,39,0,7,0,0,10,0,0,0,9,0,0,1,1,0,0,0,0,0,0,2,89,0,0,1
早桃(黄),39,0,4,0,0,3,0,0,0,9,12,0,1,1,0,10,0,0,0,155,10,89,1,0,1
桃(糖水罐头),58,0,16,0,0,3,0,0,0,14,0,0,0,1,1,0,0,2,0,16,6,85,28,0,1
李子,36,0,8,1,0,10,0,0,1,8,5,0,1,1,0,25,0,0,0,144,11,90,4,0,1
李子杏,35,0,3,1,0,0,0,0,0,8,16,0,1,0,0,13,0,0,0,103,11,90,2,0,1
梅[青梅],33,0,11,1,0,0,1,0,2,5,0,0,1,0,0,0,0,0,1,0,36,91,0,0,1
杏,36,0,14,1,0,11,0,1,1,8,4,0,1,1,0,75,0,0,0,226,15,89,2,0,1
杏(罐头),37,0,6,1,0,4,0,0,2,8,0,0,1,1,0,72,0,0,0,26,8,89,22,4,1
杏干,330,0,147,3,0,55,0,1,0,79,0,0,4,0,4,102,0,8,5,783,89,9,40,3,21
枣(鲜),122,0,22,1,0,25,0,1,1,29,243,0,2,1,2,40,0,0,1,375,23,67,1,1,1
枣(干),264,0,64,3,0,36,0,1,2,62,14,0,6,3,1,2,0,0,2,524,51,27,6,1,3
枣(干，大),298,0,54,2,0,39,0,2,2,72,7,0,10,0,0,0,0,0,2,185,34,14,8,2,3
金丝小枣,294,0,23,1,0,24,1,0,2,70,0,0,7,1,0,0,0,0,2,65,0,19,7,1,13
乐陵枣,215,0,34,3,0,41,1,1,3,49,54,0,9,5,1,0,0,0,2,420,52,36,0,1,3
密云小枣,214,0,80,4,0,41,1,1,3,48,0,0,7,0,1,0,0,0,1,612,66,39,9,1,3
黑枣(无核)[乌枣],228,0,108,2,0,32,0,2,1,55,0,1,3,2,0,7,0,0,2,478,63,39,6,1,3
黑枣(有核),228,0,42,4,0,46,0,1,4,52,6,0,9,1,2,0,0,1,2,498,66,33,1,0,3
酒枣,145,0,75,2,0,20,0,0,1,34,0,0,1,0,0,0,0,0,1,444,45,62,1,1,1
蜜枣,321,0,59,1,0,19,0,0,4,79,55,0,6,0,0,0,0,0,1,284,22,13,25,1,13
蜜枣(无核),321,0,24,1,0,7,0,0,2,79,104,0,3,0,0,5,0,0,0,104,11,17,16,2,13
酸枣,278,0,435,4,0,96,2,1,7,63,900,1,11,0,1,0,0,0,3,84,95,18,4,1,22
樱桃,46,0,11,1,0,12,0,1,0,10,10,0,0,2,0,35,0,0,0,232,27,88,8,0,1
樱桃(野，白刺),288,0,59,11,0,60,4,4,11,52,0,1,8,0,0,0,0,0,6,100,28,19,98,0,3
葡萄(均值),43,0,5,0,0,8,0,0,0,10,25,0,0,1,0,8,0,0,0,104,13,89,1,0,1
红玫瑰葡萄,37,0,17,0,0,8,0,0,0,8,5,0,2,2,0,0,0,0,0,119,13,88,2,0,1
巨峰葡萄,50,0,7,0,0,6,0,0,1,12,4,0,0,0,0,5,0,0,0,128,17,87,2,0,1
马奶子葡萄,40,0,0,0,0,0,0,1,0,9,0,0,0,0,0,8,0,0,0,0,0,90,0,0,1
玫瑰香葡萄,50,0,8,0,0,4,0,0,0,11,4,0,1,1,0,3,0,0,0,126,14,87,2,0,1
紫葡萄,43,0,10,1,0,9,0,0,0,9,3,0,1,0,0,10,0,0,0,151,10,88,2,0,1
葡萄干,341,0,52,2,0,45,0,0,9,82,5,0,2,0,0,0,0,0,2,995,90,12,19,3,3
石榴(均值),63,0,9,1,0,16,0,0,0,14,9,0,5,5,0,0,0,0,1,231,71,79,1,0,1
红粉皮石榴,64,0,16,1,0,16,0,0,0,14,13,0,5,4,0,0,0,0,0,218,76,79,1,0,1
玛瑙石榴,63,0,6,2,0,17,0,0,0,14,5,0,5,2,0,0,0,0,1,231,70,79,1,0,1
青皮石榴,61,0,6,1,0,15,0,0,0,14,8,0,5,5,0,0,0,0,1,243,68,80,1,0,1
柿,71,0,9,0,0,19,0,0,0,17,30,0,1,1,0,20,0,0,0,151,23,81,1,0,1
荷柿,57,0,9,1,0,8,0,0,0,13,11,0,4,3,0,73,0,0,0,109,17,82,1,0,1
磨盘柿,76,0,5,1,0,3,0,0,0,18,10,0,2,1,0,17,0,0,0,135,14,79,5,0,1
柿饼,250,0,54,2,0,21,0,0,3,60,0,0,3,1,0,48,0,0,1,339,55,34,6,1,3
桑葚(均值),49,0,37,2,0,0,0,0,0,10,0,0,4,10,0,5,0,0,1,32,33,83,2,6,1
桑葚(白),50,0,43,2,0,0,0,0,0,10,0,0,5,7,0,5,0,0,1,33,0,82,2,5,1
桑葚(红),48,0,30,2,0,0,0,0,0,10,0,0,3,13,0,3,0,0,1,32,33,84,2,6,1
桑葚(干),239,0,622,21,1,332,6,5,42,25,7,4,29,33,6,0,0,2,8,159,486,11,28,34,7
醋栗[灯笼果],44,0,25,1,0,10,1,0,0,10,28,0,2,0,0,0,0,0,0,198,27,88,1,0,1
黑醋栗[黑加仑],63,0,55,1,0,24,0,0,2,15,181,0,2,0,0,0,0,0,1,322,59,82,2,0,1
沙棘,119,0,104,1,0,33,2,0,9,25,204,1,1,0,1,640,0,1,1,359,54,71,28,3,1
无花果,59,0,67,2,0,17,0,0,0,13,2,0,3,2,1,5,0,0,1,212,18,81,6,1,1
中华猕猴桃[毛叶猕猴桃],56,0,27,1,0,12,1,0,1,12,62,1,3,2,1,22,0,2,1,144,26,83,10,0,1
草莓[洋莓，凤阳草莓],30,0,18,1,0,12,0,0,2,6,47,0,1,1,0,5,0,0,0,131,27,91,4,1,1
橙,47,0,20,1,0,14,0,0,0,10,33,0,1,1,0,27,0,0,0,159,22,87,1,0,1
柑桔(均值),51,0,35,1,0,11,0,0,0,12,28,0,0,1,0,148,0,0,0,154,18,87,1,0,1
福桔,45,0,27,1,0,14,0,0,1,10,11,0,0,0,0,100,0,0,0,127,5,88,0,0,1
桔柑子[宽皮桂],43,0,24,1,0,14,0,0,0,10,35,0,0,1,0,82,0,0,0,128,18,89,1,1,1
金桔[金枣],55,0,56,1,0,20,0,0,1,12,35,0,1,2,0,62,0,0,0,144,20,85,3,1,1
芦柑,43,0,45,1,0,45,0,0,1,10,19,0,1,0,0,87,0,0,0,54,25,88,0,0,1
蜜桔,42,0,19,1,0,16,0,0,0,9,19,0,1,0,0,277,0,0,0,177,18,88,1,0,1
三湖红桔,41,0,33,1,0,16,0,0,0,9,3,0,1,0,0,0,0,0,0,250,25,88,1,1,1
四川红桔,40,0,42,1,0,4,0,0,0,9,33,0,1,0,0,30,0,0,0,105,25,89,2,0,1
小叶桔,38,0,72,1,0,29,0,1,0,8,0,0,1,1,0,410,0,0,0,124,16,90,2,0,1
早桔,57,0,21,1,0,15,0,0,1,12,25,0,0,1,0,857,0,0,0,131,22,86,1,0,1
桔饼,364,0,125,1,0,17,0,1,1,89,0,0,4,0,0,43,0,0,1,4,6,5,486,1,13
柚[文旦],41,0,4,1,0,4,0,0,0,9,23,0,0,0,0,2,0,0,0,119,24,89,3,1,1
柠檬,35,0,101,1,0,37,1,1,1,5,22,0,1,1,1,0,0,0,0,209,22,91,1,0,1
芭蕉[甘蕉，板蕉，牙蕉],109,0,6,1,0,29,0,1,0,26,0,1,3,0,0,0,0,0,1,330,18,69,1,1,1
菠萝[凤梨，地菠萝],41,0,12,0,0,8,0,0,1,10,18,1,1,0,0,3,0,0,0,113,9,88,1,0,1
菠萝蜜[木菠萝],103,0,9,0,0,24,0,1,0,25,9,0,1,1,0,3,0,0,1,330,18,73,11,4,1
刺梨[茨梨，木梨子],55,0,68,1,0,0,0,0,3,13,2585,0,4,0,0,483,0,0,1,0,13,81,0,0,6
番石榴[鸡矢果，番桃],41,0,13,1,0,10,0,0,0,8,68,0,6,0,0,0,0,0,0,235,16,84,3,2,1
桂圆,71,0,6,1,0,10,0,1,0,16,43,0,0,0,0,3,0,0,1,248,30,81,4,1,1
桂圆(干),273,0,38,5,0,81,0,1,1,63,12,0,2,0,1,0,0,1,3,1348,206,27,3,12,30
桂圆肉,313,0,39,5,1,55,1,9,4,72,27,0,2,0,1,0,0,1,3,129,120,18,7,3,3
黄皮果,31,0,0,2,0,16,0,0,0,6,35,1,4,0,0,0,0,0,1,226,0,88,6,1,1
荔枝,70,0,2,1,0,12,0,1,0,16,41,0,0,0,0,2,0,0,0,151,24,82,2,0,1
芒果[抹猛果，望果],32,0,0,1,0,14,0,0,0,7,23,0,1,1,0,150,0,0,0,138,11,91,3,1,1
木瓜[番木瓜],27,0,17,0,0,9,0,0,0,6,43,0,1,0,0,145,0,0,0,18,12,92,28,2,1
人参果,80,0,13,1,0,11,1,0,0,18,12,0,4,0,0,8,0,0,0,100,7,77,7,2,1
香蕉[甘蕉],91,0,7,1,0,43,0,1,0,21,8,1,1,0,0,10,0,0,1,256,28,76,1,1,1
杨梅[树梅，山杨梅],28,0,14,1,0,10,0,0,1,6,9,1,1,1,0,7,0,0,0,149,8,92,1,0,1
杨桃,29,0,4,1,0,10,0,1,0,6,7,0,1,0,0,3,0,0,0,128,18,91,1,1,1
椰子,231,0,2,4,0,65,12,0,2,27,6,0,5,0,1,0,0,0,1,475,90,52,56,0,1
枇杷,39,0,17,1,0,10,0,0,1,8,8,0,1,0,0,0,0,0,0,122,8,89,4,1,1
橄榄(白榄),49,0,49,1,0,10,0,1,0,11,3,0,4,0,0,22,0,0,1,23,18,83,0,0,1
余柑子[油柑子],38,0,6,0,0,8,0,0,0,9,62,1,3,0,0,8,0,0,1,15,9,87,0,1,1
白金瓜,24,0,12,0,0,10,0,1,0,6,17,0,0,0,0,17,0,0,0,182,13,93,2,0,1
白兰瓜,21,0,24,1,0,0,0,1,1,4,14,0,1,0,0,7,0,0,1,0,13,93,0,0,1
哈蜜瓜,34,0,4,0,0,19,0,0,0,8,12,0,0,0,0,153,0,0,0,190,19,91,27,1,1
黄河蜜瓜,5,0,0,0,0,0,0,0,0,1,15,0,3,0,0,30,0,0,1,0,0,95,0,0,1
金塔寺瓜,9,0,0,1,0,0,0,0,0,1,18,0,1,0,0,0,0,0,0,0,0,97,0,0,1
灵蜜瓜,3,0,12,0,0,0,0,0,0,0,0,0,0,0,0,0,0,0,1,62,1,98,5,0,1
麻醉瓜,17,0,0,1,0,0,0,0,0,3,17,0,0,0,0,0,0,0,0,0,0,95,0,0,1
甜瓜[香瓜],26,0,14,0,0,11,0,0,1,6,15,0,0,0,0,5,0,0,0,139,17,93,9,0,1
西瓜(均值),25,0,8,1,0,8,0,0,0,6,6,0,0,0,0,75,0,0,0,87,9,93,3,0,1
西瓜(京欣一号),34,0,10,0,0,11,0,0,0,8,7,0,0,0,0,13,0,0,0,79,13,91,4,0,1
西瓜(郑州三号),25,0,4,1,0,10,0,0,0,6,4,0,0,0,0,35,0,0,0,115,11,93,2,0,1
西瓜(忠于6号，黑皮),32,0,0,0,0,22,0,0,0,6,6,0,0,0,0,38,0,0,0,0,0,92,0,0,1
籽瓜,4,0,0,0,0,0,0,0,0,0,10,0,0,0,0,0,0,0,0,0,0,99,0,0,1
白果(干)[银杏],355,0,54,13,0,0,1,0,0,73,0,2,0,25,1,0,0,0,3,17,23,10,18,14,3
菠萝蜜子,160,0,18,5,0,27,0,1,2,34,16,0,2,0,1,0,0,0,1,400,68,57,12,10,1
核桃(鲜),328,0,0,13,0,0,30,1,0,2,10,0,4,41,0,0,0,0,1,0,0,50,0,0,0
核桃(干)[胡桃],627,0,56,15,0,131,59,1,3,10,1,3,10,43,2,5,0,1,2,385,294,5,6,5,7
毛核桃,174,0,0,12,0,0,7,2,0,16,40,0,5,0,0,0,0,0,2,0,0,58,0,0,1
山核桃(干),601,0,57,18,0,306,50,0,7,19,0,8,7,66,6,5,0,2,3,237,521,2,251,1,7
山核桃(熟)[小核桃],596,0,133,8,0,5,51,1,5,27,0,0,8,14,13,0,0,0,4,241,222,2,430,0,0
栗子(鲜)[板栗],185,0,17,4,0,50,1,1,1,40,24,2,2,5,1,32,0,0,1,442,89,52,14,1,1
栗子(干),345,0,0,5,0,56,2,1,1,77,25,1,1,11,1,5,0,1,1,0,0,13,8,0,13
栗子(熟)[板栗],212,0,15,5,0,0,2,1,2,45,36,0,1,0,0,40,0,0,1,0,91,47,0,0,3
松子(生),640,0,3,13,0,567,63,4,6,7,0,10,12,34,9,7,0,3,3,184,620,3,0,1,7
松子(炒),619,0,161,14,0,186,58,4,5,9,0,7,12,25,5,5,0,1,2,612,227,4,3,1,7
松子仁,698,0,78,13,0,116,71,4,4,2,0,6,10,33,5,2,0,1,3,502,569,1,10,1,7
杏仁,562,0,97,22,1,178,45,0,2,16,26,1,8,19,4,0,0,1,3,106,27,6,8,16,0
杏仁(大),503,0,49,20,2,0,43,0,1,9,26,1,18,0,4,0,0,1,3,169,4,6,0,27,0
杏仁(炒),600,0,141,26,1,0,51,2,4,10,0,0,9,0,0,17,0,0,2,0,202,2,0,0,0
杏仁(原味全部),578,0,248,21,1,275,51,4,4,20,0,3,12,0,3,0,0,1,3,728,474,5,1,4,7
杏仁(漂白后),581,0,216,22,1,275,51,4,4,20,0,2,10,0,3,0,0,1,3,687,480,4,28,4,7
杏仁(过油炸干),607,0,291,21,1,274,55,4,4,18,0,2,10,0,3,0,0,1,3,699,466,3,1,4,7
杏仁(烤干，不加盐),597,0,266,22,1,286,53,4,4,19,0,3,12,0,4,0,0,1,3,746,489,3,1,4,7
杏仁(烤干，加盐),597,0,266,22,1,286,53,4,4,19,0,3,12,0,4,0,0,1,3,746,489,3,339,4,7
橡实[橡子，青冈子],231,0,112,4,0,0,2,0,6,49,7,0,1,0,0,0,0,0,1,0,64,42,0,0,3
腰果,552,0,26,17,0,153,37,1,5,38,0,2,4,3,4,8,0,1,2,503,395,2,251,34,0
榛子(干),542,1,104,20,0,420,45,2,6,15,0,15,10,36,6,8,0,3,4,1244,422,7,5,1,7
榛子(炒),594,0,815,30,0,502,50,10,5,5,0,18,8,25,4,12,0,2,4,686,423,2,153,2,7
胡麻籽,390,0,228,19,0,389,31,1,20,9,0,3,30,13,5,0,0,2,4,408,577,7,49,0,7
花生(鲜)[落花生，长生果],298,0,8,12,0,110,25,14,3,5,14,1,8,3,2,2,0,1,1,390,250,48,4,4,27
花生(炒),589,0,47,22,0,171,48,19,2,18,0,1,6,13,2,10,0,1,2,563,326,4,35,4,27
花生仁(生),563,1,39,25,0,178,44,18,2,16,2,1,6,18,2,5,0,1,2,587,324,7,4,4,25
花生仁(炒),581,0,284,24,0,176,44,19,7,21,0,2,4,15,3,0,0,1,4,674,315,2,445,7,27
葵花子(生),597,0,72,24,0,264,50,5,6,13,0,2,6,35,6,5,0,3,5,562,238,2,6,1,7
葵花子(炒),616,0,72,23,0,267,53,5,6,12,0,2,5,26,6,5,0,2,5,491,564,2,1322,2,7
葵花子仁,606,2,115,19,0,287,53,4,3,12,0,1,4,79,0,0,0,1,3,547,604,8,5,6,25
莲子(干),344,0,97,17,0,242,2,4,4,64,5,8,3,3,3,0,0,1,4,846,550,10,5,3,30
莲子(糖水罐头),201,0,24,3,0,9,0,2,0,46,0,0,1,0,0,0,0,0,1,27,133,49,9,2,3
南瓜子(炒)[白瓜子],574,0,37,36,0,376,46,3,6,4,0,4,4,27,7,0,0,1,6,672,0,4,16,27,7
南瓜子仁,566,0,16,33,0,2,48,2,2,0,0,1,5,13,3,0,0,1,5,102,1159,9,21,3,19
西瓜子(炒),573,0,28,33,0,448,45,3,8,10,0,2,4,1,7,0,0,2,4,612,765,4,188,23,7
西瓜子(话梅),541,0,392,30,0,18,46,3,4,0,0,1,13,3,6,0,0,2,5,516,868,5,134,6,19
西瓜子仁,556,0,0,32,0,1,46,1,5,3,0,1,5,27,0,0,0,0,4,186,818,9,9,11,0
芝麻籽(白),517,0,620,18,0,202,40,4,14,22,0,1,10,38,4,0,0,1,5,266,513,5,32,4,7
芝麻籽(黑),531,1,780,19,0,290,46,6,23,10,0,18,14,50,6,0,0,2,5,358,516,6,8,5,7
芡实米(鲜)[鸡头米],144,0,9,4,0,0,0,2,0,31,6,0,0,0,0,0,0,0,0,0,110,63,0,0,1
芡实米[鸡头米],351,0,37,8,0,16,0,0,0,79,0,2,1,0,1,0,0,1,0,60,56,11,28,6,13
猪肉(肥瘦)(均值),395,0,6,13,0,16,37,4,2,2,0,0,0,0,2,18,80,0,1,204,162,47,59,12,0
猪肉(肥),807,0,3,2,0,2,89,1,1,0,0,0,0,0,1,29,109,0,0,23,18,9,20,8,16
猪肉(后臀尖),336,0,5,15,0,12,31,3,1,0,0,0,0,1,1,16,87,0,1,178,130,54,58,3,0
猪肉(后肘),320,0,6,17,0,12,28,3,1,0,0,0,0,0,2,8,79,0,1,188,142,58,77,7,0
猪肉(肋条肉),568,0,6,9,0,17,59,2,1,0,0,0,0,0,2,10,109,0,1,214,96,31,80,4,0
猪肉(里脊),155,0,6,20,0,28,8,5,2,1,0,0,0,1,2,5,55,0,1,317,184,70,43,5,8
猪肉(奶脯)[软五花，猪夹心],349,0,5,8,0,5,35,2,1,0,0,0,0,0,1,39,98,0,0,53,67,57,37,2,0
猪肉(奶面)[硬五花],339,0,6,14,0,15,31,3,1,2,0,0,0,0,2,10,77,0,1,168,120,53,52,6,0
猪肉(前肘),287,0,5,17,0,16,23,3,4,3,0,0,0,1,2,16,79,0,1,137,181,56,122,32,8
猪肉(瘦),143,1,6,20,0,25,6,5,3,2,0,0,0,0,3,44,81,0,1,305,189,71,58,10,25
猪肉(腿),190,1,6,18,0,25,13,5,1,1,0,0,0,0,2,3,79,0,1,295,185,68,63,13,25
猪肉(猪脖),577,0,4,8,0,7,60,2,1,0,0,0,0,1,1,18,94,0,0,99,77,31,54,2,0
猪大肠,196,0,10,7,0,8,19,2,1,0,0,0,0,0,1,7,137,0,1,44,56,74,116,17,8
猪大排,264,1,8,18,0,17,20,5,1,2,0,0,0,0,2,12,165,0,1,274,125,59,44,10,25
猪耳,176,0,6,19,0,3,11,4,1,0,0,0,0,1,0,0,92,0,0,58,28,69,68,4,8
猪蹄,260,0,33,23,0,5,19,2,1,0,0,0,0,0,1,3,192,0,0,54,33,58,101,6,8
猪蹄筋,156,0,15,35,0,4,1,3,2,0,0,0,0,0,2,0,79,0,0,46,40,62,178,10,8
猪头皮,499,0,13,12,0,56,45,0,2,13,0,1,0,0,1,0,304,0,0,62,37,31,72,0,0
猪小排,278,0,14,17,0,14,23,4,1,1,0,0,0,0,3,5,146,0,1,230,135,58,63,11,8
猪肘棒,248,0,19,16,0,5,16,7,2,9,0,0,0,0,2,0,65,0,3,148,122,56,80,7,8
猪胆肝,336,0,12,44,2,95,6,11,181,25,0,1,0,0,11,3582,1017,1,8,855,325,16,3625,43,28
猪肚,110,0,11,15,0,12,5,4,2,1,0,0,0,0,2,3,165,0,1,171,124,78,75,13,8
猪肺,84,0,6,12,0,10,4,2,5,0,0,0,0,0,1,10,290,0,1,210,165,83,81,11,8
猪肝,129,0,6,19,2,24,4,15,23,5,20,0,0,1,6,4972,288,1,2,235,310,71,69,19,35
猪脑,131,0,30,11,0,10,10,3,2,0,0,0,0,1,1,0,2571,0,2,259,294,78,131,13,11
猪脾,94,0,1,13,0,14,3,1,11,3,0,0,0,0,1,0,461,0,1,234,111,79,26,16,8
猪舌[口条],233,0,13,16,0,14,18,5,3,2,0,0,0,1,2,15,158,0,1,216,163,64,79,12,8
猪肾[猪腰子],96,0,12,15,1,22,3,8,6,1,13,0,0,0,3,41,354,1,1,217,215,79,134,112,23
猪肾(腰子),137,0,2,16,1,16,8,6,5,0,7,0,0,0,2,46,0,0,1,194,232,75,125,157,23
猪小肠,65,0,7,10,0,16,2,3,2,2,0,0,0,0,3,6,183,0,1,142,95,85,205,7,8
猪心,119,0,12,17,0,17,5,7,4,1,4,0,0,1,2,13,151,0,1,260,189,76,71,15,8
猪血,55,0,4,12,0,5,0,0,9,1,0,0,0,0,0,0,51,0,1,56,16,86,56,8,1
叉烧肉,279,1,8,24,0,28,17,7,3,8,0,0,0,1,2,16,68,0,2,430,218,49,819,8,25
宫爆肉丁(罐头),353,0,47,18,0,9,28,10,2,8,0,0,0,2,3,31,62,0,2,113,140,44,472,3,27
酱汁肉,549,0,9,16,0,2,50,2,2,8,0,0,0,0,3,4,92,0,2,110,90,24,257,0,0
腊肉(培根),181,1,2,22,0,3,9,4,2,3,0,0,0,0,2,0,46,0,3,294,228,63,51,6,25
腊肉(生),498,0,22,12,0,35,49,0,8,3,0,0,0,6,3,96,123,0,5,416,249,31,764,24,0
卤猪杂,186,0,14,25,0,12,5,2,3,11,0,0,0,0,2,0,208,0,2,121,142,58,881,5,8
午餐肉,229,0,57,9,0,18,16,11,1,12,0,0,0,0,1,0,56,0,3,146,81,60,982,4,27
咸肉,390,1,10,16,0,30,36,4,3,0,0,0,0,0,2,20,72,0,8,387,112,40,196,13,25
珍珠里脊丝(罐头),225,0,34,7,0,14,17,5,1,10,0,0,0,1,1,0,120,0,2,136,61,64,572,3,8
猪肝(卤煮),203,0,68,26,0,12,8,0,2,6,0,0,0,0,0,4200,469,0,3,188,153,56,675,29,8
猪肉(清蒸),198,0,4,18,0,9,14,3,3,0,0,0,0,0,3,0,62,0,1,134,113,67,211,11,8
猪蹄(熟),260,0,32,24,0,3,17,3,2,3,0,0,0,0,1,0,86,0,0,18,52,56,363,4,8
猪肘棒(熟),314,0,55,21,0,6,24,4,2,2,0,0,0,0,3,0,108,0,3,106,102,50,754,11,8
猪肉松(均值),396,0,41,23,0,55,12,3,6,50,0,1,0,10,4,44,111,0,6,313,162,9,469,9,3
福建式肉松,493,0,3,25,0,3,26,3,8,40,0,0,0,1,3,0,111,1,6,264,151,4,1420,13,0
老年保健肉松,458,0,33,36,0,3,20,4,3,32,0,1,0,15,4,0,111,0,6,451,249,5,2302,16,27
太仓肉松,316,0,53,39,0,42,8,3,8,22,0,0,0,0,7,0,111,0,7,300,179,24,1880,16,27
茶肠,329,0,2,9,0,15,30,3,2,7,0,0,0,0,3,0,72,0,2,178,150,52,723,3,0
大腊肠,267,1,24,13,0,7,20,10,2,9,0,0,0,0,1,0,69,0,4,159,66,55,1099,5,25
大肉肠,273,0,67,12,0,27,23,7,3,5,0,0,0,0,3,0,72,0,4,233,97,57,1370,5,27
蛋清肠,278,1,26,12,0,7,23,11,2,6,0,0,0,0,1,20,122,0,4,161,85,55,1143,6,25
儿童肠,290,0,12,13,0,18,20,3,3,15,0,0,0,1,2,0,61,0,2,218,101,50,0,17,8
风干肠,283,0,18,12,0,7,23,13,4,6,0,0,0,0,1,0,47,0,3,163,121,56,618,4,27
广东香肠,433,0,5,18,0,24,37,6,3,6,0,0,0,0,3,0,94,0,5,356,173,34,1478,7,0
红果肠,260,0,22,10,0,7,15,11,5,20,0,0,0,0,1,0,23,0,3,145,97,51,781,4,27
火腿肠,212,0,9,14,0,22,10,2,4,16,0,0,0,1,3,5,57,0,3,217,187,57,771,9,8
腊肠,584,0,24,22,0,13,48,4,3,15,0,0,0,0,2,0,88,0,6,100,69,8,1420,9,0
松江肠,402,0,5,12,0,37,26,3,3,28,0,0,0,0,4,10,38,0,2,195,202,30,759,5,0
蒜肠,309,0,13,8,0,9,25,1,2,13,0,0,0,0,2,5,51,0,2,92,74,52,562,4,0
香肠,508,0,14,24,0,52,41,4,6,11,0,0,0,1,8,0,82,0,5,453,198,19,2309,9,0
香肠(罐头),290,0,6,8,0,8,28,2,1,1,0,0,0,1,1,0,0,0,2,70,52,61,874,2,0
小红肠,280,0,10,12,0,14,23,3,2,6,0,0,0,0,2,158,72,0,3,183,161,56,682,5,8
小泥肠,295,0,20,11,0,5,26,13,1,3,0,0,0,0,1,0,59,0,3,132,170,56,648,7,27
午餐肠,261,0,2,3,1,26,17,0,5,25,0,0,0,0,2,65,47,0,3,102,51,52,553,6,0
午餐肚,181,0,36,9,0,23,0,0,5,35,0,0,0,0,2,4,0,0,5,57,19,50,294,3,1
方腿,117,0,1,16,0,2,5,17,3,2,0,0,0,0,3,0,45,0,3,222,202,74,424,7,27
火腿,330,0,3,16,0,20,27,9,2,5,0,0,0,1,2,46,120,0,4,220,90,48,1087,3,27
金华火腿,318,1,9,16,0,23,28,5,2,0,0,0,0,0,2,20,98,0,7,389,125,49,233,13,25
圆腿,139,1,3,18,0,2,6,20,1,2,0,0,0,0,2,1,54,0,3,247,199,71,373,8,25
牛肉(肥瘦)(均值),125,0,23,20,0,20,4,6,3,2,0,0,0,1,5,7,84,0,1,216,168,73,84,6,8
牛肉(腑肋),123,0,19,19,0,14,5,3,3,0,0,0,0,0,4,7,71,0,1,217,120,75,67,2,8
牛肉(后腿),106,0,5,21,0,21,2,6,3,1,0,0,0,1,4,3,74,0,1,197,210,75,45,5,8
牛肉(后腱),98,0,5,20,0,20,1,5,4,2,0,0,0,1,4,3,54,0,1,182,195,76,85,4,8
牛肉(里脊),107,0,3,22,0,29,1,7,4,2,0,0,0,1,7,4,63,0,1,140,241,73,75,3,8
牛肉(前腿),105,0,5,19,0,20,2,5,3,3,0,0,0,1,4,3,71,0,1,176,181,75,70,4,8
牛肉(前腱),113,0,5,20,0,22,1,5,3,5,0,0,0,0,8,2,80,0,1,182,181,72,83,5,8
牛肉(瘦),106,0,9,20,0,21,2,6,3,1,0,0,0,0,4,6,58,0,1,284,172,75,54,11,8
牛蹄筋,151,0,5,34,0,10,0,1,3,3,0,0,0,0,1,0,0,0,1,23,150,62,154,2,8
牛蹄筋(泡发),25,0,6,6,0,3,0,0,2,0,0,0,0,0,1,5,10,0,0,1,5,94,81,5,1
牛鞭(泡发),117,0,10,27,0,9,1,0,3,0,0,0,0,0,1,0,0,0,0,4,18,72,32,2,8
牛大肠,66,0,12,11,0,0,2,1,2,0,0,0,0,0,1,0,124,0,0,55,102,86,28,11,8
牛肚,72,0,40,14,0,17,2,2,2,0,0,0,0,1,2,2,104,0,1,162,104,83,61,9,8
牛肺,95,0,8,16,0,14,2,3,12,2,13,0,0,0,3,12,306,0,1,197,269,79,155,14,8
牛肝,139,0,4,20,1,22,4,12,7,6,9,0,0,0,5,20220,297,1,1,185,252,69,45,12,9
牛脑,149,0,6,12,0,20,11,4,5,0,0,0,0,0,5,0,2447,0,1,300,435,75,186,20,11
牛舌,196,0,6,17,0,18,13,4,3,2,0,0,0,1,3,8,92,0,1,236,151,67,58,14,8
牛肾,94,0,8,16,1,13,2,8,9,3,0,0,0,0,2,88,295,0,1,190,214,78,181,70,23
牛心,106,0,4,15,0,25,4,7,6,3,5,0,0,0,2,17,115,0,1,282,178,77,48,15,8
酱牛肉,246,0,20,31,0,27,12,4,4,3,0,0,0,1,7,11,76,0,3,148,178,51,869,4,27
煨牛肉(罐头),166,0,66,17,0,17,11,6,3,0,0,0,0,1,4,0,84,0,2,95,82,70,609,5,8
牛肉干,550,0,43,46,0,107,40,15,16,2,0,0,0,0,7,0,120,0,3,510,464,9,412,10,27
咖哩牛肉干,326,0,65,46,0,26,3,6,18,30,0,1,0,15,8,86,116,0,9,576,289,13,2075,5,27
牛肉松,445,0,76,8,0,52,16,1,5,68,0,1,0,18,1,90,169,0,6,128,74,3,1946,3,3
牛蹄筋(熟),147,0,13,35,0,8,1,0,2,0,0,0,0,0,1,0,51,0,0,48,22,64,99,4,8
羊肉(肥瘦)(均值),203,0,6,19,0,20,14,4,2,0,0,0,0,0,3,22,92,1,1,232,146,66,81,32,8
羊肉(冻),285,0,17,13,0,37,24,4,5,4,0,0,0,0,8,0,77,0,1,587,143,58,122,3,27
羊肉(后腿),110,0,6,20,0,20,3,6,3,0,0,0,0,0,2,8,83,0,1,143,182,76,60,4,8
羊肉(颈),135,0,8,21,0,18,5,4,3,2,0,0,0,0,3,6,85,0,1,208,157,71,75,5,8
羊肉(里脊),103,0,8,20,0,22,2,6,3,2,0,0,0,1,2,5,107,0,1,161,184,75,74,6,8
羊肉(前腿),110,0,7,19,0,18,3,5,2,2,0,0,0,0,2,10,86,0,1,108,181,76,74,5,8
羊肉(青羊),99,0,9,21,0,9,1,6,4,1,0,0,0,0,1,0,53,0,1,151,101,75,42,4,8
羊肉(瘦),118,0,9,20,0,22,4,5,4,0,0,0,0,0,6,11,60,0,1,403,196,74,69,7,8
羊肉(胸脯),133,0,7,19,0,17,6,4,3,0,0,0,0,0,2,11,89,0,1,170,150,74,87,7,8
山羊肉(冻),293,0,135,9,0,50,24,5,14,9,0,0,0,0,10,8,81,0,1,744,151,56,161,8,27
羊蹄筋(生),159,0,16,34,0,5,2,1,3,0,0,0,0,0,2,0,58,0,0,74,39,63,150,4,8
羊蹄筋(泡发),41,0,14,8,0,6,0,0,2,2,0,0,0,0,1,4,28,0,0,1,5,90,49,1,1
羊大肠,75,0,25,13,0,17,2,2,2,0,0,0,0,0,2,0,150,1,1,117,34,83,79,14,8
羊肚,87,0,38,12,0,16,3,2,1,2,0,1,0,0,3,23,124,0,1,101,133,82,66,10,8
羊肺,96,0,12,16,0,8,2,1,8,2,0,0,0,1,2,0,319,0,1,139,172,78,146,9,8
羊肝,134,0,8,18,2,14,4,22,8,7,0,0,0,30,3,20972,349,5,1,241,299,70,123,18,9
羊脑,142,0,61,11,0,15,11,4,0,0,0,0,0,0,1,0,2004,0,2,146,356,76,152,38,11
羊舌,225,0,0,19,0,0,14,3,0,5,0,0,0,0,0,0,148,0,1,0,0,61,0,0,8
羊肾,96,0,8,17,2,18,3,8,6,1,0,0,0,0,3,126,289,0,1,115,233,78,193,59,23
羊心,113,0,10,14,0,17,6,6,4,2,0,0,0,2,2,16,104,0,1,200,172,78,101,17,8
羊血,57,0,22,7,0,2,0,0,18,7,0,0,0,0,1,0,92,0,1,6,7,85,443,16,1
腊羊肉,246,0,14,26,0,29,11,3,7,12,0,0,0,7,10,0,100,0,4,310,210,48,8992,45,23
羊肉(熟),217,0,13,23,0,18,14,4,2,0,0,0,0,0,2,18,88,0,2,239,136,62,408,8,8
羊肉串(电烤),234,0,52,26,0,54,12,6,7,6,0,0,0,2,5,42,93,0,3,430,230,53,796,7,27
羊肉串(烤),206,0,4,26,0,45,10,6,8,2,0,0,0,1,2,52,110,0,3,205,254,59,485,3,8
羊肉串(炸),217,0,38,18,0,29,12,5,4,10,0,0,0,7,4,40,109,0,3,297,194,57,581,7,8
羊肉干,588,0,77,28,0,101,47,11,10,14,0,0,0,0,6,0,166,0,2,520,546,9,184,10,27
羊肉手抓,188,0,3,27,0,20,9,4,2,0,0,0,0,1,3,10,95,0,1,178,124,63,226,9,8
山羊肉(酱),272,0,43,25,0,38,14,8,4,12,0,0,0,1,4,0,92,0,3,134,169,46,938,3,27
驴肉(瘦),116,0,2,22,0,7,3,2,4,0,0,0,0,3,4,72,74,0,1,325,178,74,47,6,8
驴鞭,143,0,51,30,0,184,1,0,7,4,0,0,0,1,5,0,186,0,5,152,48,60,698,15,8
驴肉(酱),160,0,8,34,0,9,3,1,4,0,0,0,0,0,5,0,116,0,2,185,197,61,229,3,8
驴肉(卤),151,0,6,28,0,31,2,5,5,6,0,0,0,1,3,70,95,0,2,219,179,63,307,1,8
驴肉(煮),230,0,13,27,0,30,14,0,8,0,0,0,0,0,4,25,0,0,2,114,170,58,207,29,8
马肉,122,0,5,20,0,41,5,2,5,0,0,0,0,1,12,28,84,0,1,526,367,74,116,4,8
马心,104,0,25,19,0,27,3,3,12,1,0,0,0,2,5,32,119,15,1,176,240,76,66,15,21
马肉(卤),170,0,4,30,0,22,5,6,6,1,0,0,0,0,3,17,102,0,2,171,193,62,237,3,8
狗肉,116,0,52,17,0,14,5,4,3,2,0,0,0,1,3,12,62,0,1,140,107,76,47,15,8
骆驼蹄,116,0,36,26,0,8,1,0,4,0,0,0,0,0,5,9,55,1,1,48,53,72,210,20,8
骆驼掌,310,0,152,73,0,59,2,0,0,0,0,1,0,0,3,26,360,3,3,69,23,22,171,0,27
兔肉,102,0,12,20,0,15,2,6,2,1,0,0,0,0,1,26,59,0,1,284,165,76,45,11,8
兔肉(野),84,0,23,17,0,46,2,0,7,0,0,0,0,0,8,0,48,0,1,371,293,81,88,10,8
鸡(均值),167,0,9,19,0,19,9,6,1,1,0,0,0,1,1,48,106,0,1,251,156,69,63,12,8
鸡(土鸡，家养),124,0,9,21,0,40,4,16,2,0,0,0,0,2,1,64,106,0,1,276,141,74,74,13,27
母鸡(一年内),256,0,2,20,0,16,17,9,1,6,0,0,0,1,1,139,166,0,1,275,120,56,62,0,27
肉鸡(肥),389,0,37,17,0,7,35,13,2,1,0,0,0,0,1,226,106,0,1,123,102,46,48,5,27
华青鸡,158,0,1,20,0,22,9,6,2,0,0,0,0,1,2,109,74,0,1,184,166,71,63,13,8
沙鸡,147,0,0,20,0,51,7,5,25,2,0,0,0,0,11,1,106,0,1,249,522,70,82,36,23
乌骨鸡,111,0,17,22,0,51,2,7,2,0,0,0,0,2,2,0,106,0,1,323,210,74,64,8,8
鸡胸脯肉,133,0,3,19,0,28,5,11,1,2,0,0,0,0,1,16,82,0,1,338,214,72,34,10,27
鸡翅,194,0,8,17,0,17,12,5,1,5,0,0,0,0,1,68,113,0,1,205,161,65,51,11,8
鸡腿,181,0,6,16,0,34,13,6,2,0,0,0,0,0,1,44,162,0,1,242,172,70,64,12,8
鸡爪,254,0,36,24,0,7,16,2,1,3,0,0,0,0,1,37,103,0,1,108,76,56,169,10,8
鸡肝,121,0,7,17,1,16,5,12,12,3,0,0,0,2,2,10414,356,0,1,222,263,74,92,39,35
鸡肝(肉鸡),121,0,4,17,1,17,4,0,10,4,0,0,0,1,3,2867,476,0,1,321,216,74,98,0,8
鸡心,172,0,54,16,0,11,12,12,5,1,0,0,0,0,2,910,194,0,1,220,176,71,108,4,27
鸡血,49,0,10,8,0,4,0,0,25,4,0,0,0,0,0,56,170,0,1,136,68,87,208,12,1
鸡肫[鸡胗],118,0,7,19,0,15,3,3,4,4,0,0,0,1,3,36,174,2,1,272,135,73,75,11,8
扒鸡,217,0,31,30,0,24,11,9,3,0,0,0,0,0,3,32,211,0,3,149,157,56,1001,8,27
烤鸡,240,0,25,22,0,14,17,4,2,0,0,0,0,0,1,37,99,0,2,142,136,59,472,4,8
肯德鸡[炸鸡],279,0,109,20,0,28,17,17,2,10,0,0,0,6,2,23,198,0,2,232,530,49,755,11,27
卤煮鸡,212,0,71,29,0,43,8,0,5,6,0,0,0,1,4,76,0,1,2,40,18,54,222,17,8
瓦罐鸡汤(肉),190,0,16,21,0,8,10,0,2,5,0,0,0,1,2,63,116,0,1,23,62,63,201,0,8
瓦罐鸡汤(汤),27,0,2,1,0,5,2,0,0,0,0,0,0,0,0,0,24,0,1,39,20,95,251,0,1
鸡肉松,440,0,76,7,0,29,16,1,7,66,0,1,0,15,1,90,81,0,6,109,83,5,1688,3,3
鸭(均值),240,0,6,16,0,14,20,4,2,0,0,0,0,0,1,52,94,0,1,191,122,64,69,12,8
公麻鸭,360,0,4,14,0,16,31,0,3,6,0,0,0,0,2,238,143,0,1,109,122,48,62,0,0
母麻鸭,461,0,9,13,0,20,45,0,3,1,0,0,0,1,1,476,132,0,1,155,64,40,49,0,0
鸭胸脯肉,90,0,6,15,0,24,2,4,4,4,0,0,0,2,1,0,121,0,1,126,86,79,60,13,8
鸭皮,538,0,6,6,0,0,50,1,3,15,0,0,0,0,1,21,46,0,0,38,42,28,26,5,0
鸭翅,146,0,20,16,0,5,6,2,2,6,0,0,0,0,1,14,49,0,0,100,84,71,54,10,8
鸭掌,150,0,24,27,0,3,2,1,1,6,0,0,0,0,1,11,36,0,0,28,91,65,61,5,8
鸭肠,129,0,31,14,0,13,8,3,2,0,0,0,0,0,1,16,187,0,1,136,166,77,32,25,8
鸭肝,128,0,18,14,1,18,8,7,23,0,18,0,0,1,3,1040,341,1,1,230,283,76,87,57,23
鸭肝(公麻鸭),136,0,1,15,0,12,4,0,35,10,0,0,0,0,4,2850,313,4,1,236,102,70,99,0,8
鸭肝(母麻鸭),113,0,1,17,1,13,2,0,50,6,0,0,0,1,7,4675,255,6,1,289,252,74,108,0,35
鸭舌[鸭条],245,0,13,17,0,6,20,2,2,0,0,0,0,0,1,35,118,0,1,44,94,63,82,12,8
鸭心,143,0,20,13,1,18,9,8,5,3,0,0,0,1,1,24,120,0,1,233,188,74,86,15,8
鸭血(白鸭),108,0,5,14,0,8,0,0,30,12,0,0,0,0,0,0,95,0,1,166,87,73,174,0,1
鸭血(公麻鸭),56,0,3,13,0,11,0,0,32,0,0,0,0,0,1,57,95,0,1,186,127,85,199,0,8
鸭血(母麻鸭),55,0,2,13,0,9,0,0,40,0,0,0,0,0,1,110,95,0,1,185,127,86,175,0,8
鸭胰,117,0,20,22,1,41,3,3,2,1,9,0,0,0,4,6,230,0,2,84,554,73,56,26,8
鸭肫,92,0,12,18,0,18,1,4,4,2,0,0,0,0,3,6,153,0,1,284,134,78,69,16,8
鸭肫(公麻鸭),112,0,2,20,0,19,1,0,4,5,0,0,0,0,4,48,295,0,1,351,116,73,70,0,8
鸭肫(母麻鸭),126,0,1,20,0,1,4,0,4,2,0,0,0,0,4,102,291,0,1,349,144,73,69,0,8
北京烤鸭,436,0,35,17,0,13,38,4,2,6,0,0,0,1,1,36,0,0,1,247,175,38,83,10,0
北京填鸭,425,0,15,9,0,6,41,4,2,4,0,0,0,1,1,30,96,0,0,139,149,45,46,6,0
红烧鸭(罐头),338,0,29,15,0,17,30,4,2,1,0,0,0,0,2,26,0,0,2,115,467,51,628,12,0
酱鸭,266,0,14,19,0,13,18,4,4,6,0,0,0,0,3,11,107,0,3,236,140,54,981,16,8
酱鸭(加梅菜，罐头),248,0,29,12,0,24,22,6,3,1,0,0,1,0,3,26,35,0,2,130,208,62,474,10,8
盐水鸭(熟),313,0,10,17,0,14,26,2,1,3,0,0,0,0,2,35,81,0,3,218,112,52,1558,15,0
鹅,251,0,4,18,0,18,20,5,4,0,0,0,0,0,1,42,74,0,1,232,144,61,59,18,8
鹅肝,129,0,2,15,0,11,3,0,8,9,0,0,0,0,4,6100,285,8,1,336,216,71,70,0,35
鹅肫,100,0,2,20,0,9,2,0,5,1,0,0,0,0,4,51,153,0,1,410,112,76,58,0,8
烧鹅,289,0,91,20,0,7,22,4,4,4,0,0,0,0,2,9,116,0,2,22,202,53,240,8,8
火鸡腿,91,0,12,20,0,49,1,8,5,0,0,0,0,0,9,0,58,0,1,708,470,78,168,16,27
火鸡胸脯肉,103,0,39,22,0,31,0,16,1,3,0,0,0,0,1,0,49,0,1,227,116,74,94,10,27
火鸡肝,143,0,3,20,1,18,6,43,21,3,0,0,0,1,2,0,294,0,1,244,225,70,129,36,4
火鸡肫,91,0,44,19,0,24,0,8,4,3,0,0,0,0,3,0,342,0,1,352,108,76,57,16,8
鸽,201,0,30,16,0,27,14,7,4,2,0,0,0,1,1,53,99,0,1,334,136,67,64,11,8
鹌鹑,110,0,48,20,0,20,3,6,2,0,0,0,0,0,1,40,157,0,1,204,179,75,48,12,8
牛乳(均值),54,0,104,3,0,11,3,0,0,3,1,0,0,0,0,24,15,0,1,109,73,90,37,2,1
牛乳(美国牛),59,0,108,3,0,19,3,0,0,5,1,0,0,0,0,9,26,0,1,127,68,89,40,2,1
牛乳(强化VA，VD),51,0,140,3,0,14,2,0,0,6,3,0,0,0,0,66,0,0,1,130,60,89,43,1,1
牛乳(西德牛),60,0,114,3,0,19,3,0,0,5,0,0,0,0,0,13,32,0,1,120,87,88,46,2,1
鲜羊乳,59,0,82,2,0,0,4,2,0,5,0,0,0,0,0,84,31,0,1,135,98,89,21,2,1
人乳,65,0,30,1,0,32,3,0,0,7,5,0,0,0,0,11,11,0,0,0,13,88,0,0,1
牛乳粉(多维奶粉),484,0,1797,20,7,22,23,0,1,50,9,0,0,0,4,77,68,0,5,1910,324,3,568,17,20
全脂加糖奶粉,490,0,495,22,0,81,23,0,1,47,0,0,0,0,2,183,0,0,6,841,1018,1,451,7,19
全脂牛奶粉,478,0,676,20,1,79,21,1,1,52,4,0,0,0,3,141,110,0,5,449,469,2,260,12,19
全脂速溶奶粉,466,0,659,20,1,73,19,0,3,54,7,0,0,1,2,272,71,0,5,541,571,2,248,8,19
全脂羊乳粉,498,0,0,19,2,0,25,1,0,49,0,0,0,0,0,0,75,0,6,0,0,1,0,0,0
酸奶(均值),72,0,118,2,0,12,3,0,0,9,1,0,0,0,1,26,15,0,1,150,85,85,40,2,1
酸奶(高蛋白),62,0,161,3,0,15,2,0,0,7,0,0,0,0,1,0,0,0,1,135,52,87,43,2,1
酸奶(脱脂),57,0,146,3,0,10,0,0,0,10,1,0,0,0,1,0,18,0,1,156,91,86,28,1,1
酸奶(中脂),64,0,81,3,0,10,2,0,0,9,1,0,0,0,1,32,12,0,1,130,59,86,13,1,1
酸奶(果料),67,0,140,3,0,11,1,0,0,10,2,0,0,1,1,19,15,0,1,111,90,84,32,1,1
酸奶(桔味，脱脂),48,0,89,3,0,11,0,0,0,8,5,0,0,0,0,1,15,0,1,128,73,88,3,1,1
奶酪[干酪],328,0,799,26,1,57,24,1,2,4,0,0,0,1,7,152,11,0,4,75,326,44,585,2,19
奶豆腐(脱脂),343,0,360,54,0,25,2,0,12,26,1,0,0,0,2,0,36,0,3,188,773,15,55,7,19
奶豆腐(鲜),305,0,597,46,1,17,8,1,3,12,0,0,0,0,2,0,36,0,2,240,657,32,90,12,19
奶疙瘩[奶酪干，干酸奶],426,0,730,55,0,49,15,1,19,18,2,0,0,0,5,0,51,2,3,314,689,9,79,15,19
契达干酪(普通),412,0,720,26,0,25,34,0,0,0,0,0,0,1,2,363,100,0,0,77,490,36,670,12,19
契达干酪(脱脂),261,0,840,32,1,39,15,0,0,0,0,0,0,0,3,182,43,0,0,110,620,47,670,15,19
曲拉,356,0,1217,39,0,143,3,0,6,43,0,0,0,1,3,216,0,0,6,166,1135,8,285,2,19
全脂软酪,313,0,110,9,0,9,31,0,0,0,0,0,0,0,1,0,90,0,0,150,130,58,330,3,0
酸酪蛋,443,0,756,40,0,47,20,1,21,24,0,0,0,0,3,0,120,1,4,512,682,11,131,11,19
羊乳酪,250,0,360,16,0,20,20,0,0,2,0,0,0,0,1,226,70,0,0,95,280,56,1440,0,8
中脂软酪,179,0,0,9,0,0,14,0,0,3,0,0,0,1,0,224,42,0,0,0,0,70,0,3,1
奶油,879,0,14,1,0,2,97,0,1,1,0,0,0,2,0,297,209,0,1,226,11,1,268,1,16
奶油(焦克),447,0,202,3,0,10,48,0,1,0,0,0,0,0,0,0,92,0,1,138,82,48,41,6,0
奶油(食品工业),504,0,20,1,0,2,56,0,0,0,0,1,0,2,1,345,103,0,0,1064,32,43,191,1,0
黄油,888,0,35,1,0,7,98,0,1,0,0,0,0,0,0,0,296,0,0,39,8,0,40,2,16
黄油渣,599,0,597,11,0,97,44,0,3,40,0,1,0,0,1,0,150,0,0,160,288,5,60,1,19
白脱(食品工业)[牛油，黄油],744,0,1,0,0,2,83,0,1,0,0,0,0,4,1,534,152,0,0,43,14,18,18,1,16
酥油,860,0,128,2,0,2,94,0,0,1,0,0,0,2,0,426,227,0,0,188,9,2,73,1,16
炼乳(甜，罐头),332,0,242,8,0,24,9,0,0,55,2,0,0,0,2,41,36,0,2,309,200,26,212,3,3
奶皮子,460,0,818,12,0,28,43,0,1,6,0,0,0,0,2,0,78,0,2,4,308,37,2,5,19
奶片,472,0,269,13,0,32,20,2,2,59,5,0,0,0,3,75,65,0,4,356,427,4,180,12,3
鸡蛋(均值),144,0,56,13,0,10,9,0,2,3,0,0,0,2,1,234,0,0,1,154,130,74,132,14,8
鸡蛋(白皮),138,0,48,13,0,14,9,0,2,2,0,0,0,1,1,310,585,0,1,98,176,76,95,17,8
鸡蛋(红皮),156,0,44,13,0,11,11,0,2,1,0,0,0,2,1,194,585,0,1,121,182,74,126,15,8
鸡蛋(土鸡),138,0,76,14,0,5,6,0,2,6,0,0,0,1,1,199,1338,0,1,244,33,73,174,12,11
鸡蛋白,60,0,9,12,0,15,0,0,2,3,0,0,0,0,0,0,0,0,1,132,18,84,79,7,1
鸡蛋白(乌骨鸡),44,0,9,10,0,10,0,0,0,1,0,0,0,0,0,0,0,0,1,109,17,88,165,3,1
鸡蛋黄,328,0,112,15,0,41,28,0,6,3,0,0,0,5,4,438,1510,0,2,95,240,52,55,27,11
鸡蛋黄(乌骨鸡),263,0,107,15,0,16,20,0,0,6,0,0,0,8,3,179,2057,1,1,105,216,58,57,23,11
鸡蛋粉[全蛋粉],545,0,954,43,0,46,36,0,10,11,0,0,0,12,6,525,2251,0,7,357,780,2,393,39,11
鸡蛋黄粉,644,0,266,32,0,22,55,0,11,5,0,0,0,14,7,776,2850,0,3,103,905,5,90,28,11
松花蛋(鸡蛋),178,0,26,15,0,8,11,0,4,6,0,0,0,1,3,310,595,0,2,148,263,66,0,44,23
鸭蛋,180,0,62,13,0,13,13,0,3,3,0,0,0,5,2,261,565,0,1,135,226,70,106,16,8
鸭蛋白,47,0,18,10,0,21,0,0,0,2,0,0,0,0,0,23,0,0,1,84,0,88,71,4,1
鸭蛋黄,378,0,123,14,1,22,34,0,5,4,0,0,0,13,3,1980,1576,0,3,86,55,45,30,25,11
松花蛋(鸭蛋)[皮蛋],171,0,63,14,0,13,11,0,3,4,0,0,0,3,1,215,608,0,2,152,165,68,543,25,8
咸鸭蛋,190,0,118,13,0,30,13,0,4,6,0,0,0,6,2,134,647,0,7,184,231,61,2706,24,8
鹅蛋,196,0,34,11,0,12,16,0,4,3,0,0,0,4,1,192,704,0,1,74,130,69,91,27,8
鹅蛋白,48,0,4,9,0,9,0,0,3,3,0,0,0,0,0,7,0,0,1,36,11,87,77,8,1
鹅蛋黄,324,0,13,16,1,10,26,1,3,6,0,0,0,96,2,1977,1696,0,2,0,51,50,24,26,11
鹌鹑蛋,160,0,47,13,0,11,11,0,3,2,0,0,0,3,2,337,515,0,1,138,180,73,107,25,8
鹌鹑蛋(五香罐头),152,0,157,12,0,8,12,0,3,0,0,0,0,5,1,98,480,0,2,41,209,74,712,12,8
白条鱼(裸鱼),103,0,58,17,0,13,3,2,2,2,0,0,0,1,3,11,129,0,2,331,224,77,68,12,8
草鱼[白鲩，草包鱼],113,0,38,17,0,31,5,3,1,0,0,0,0,2,1,11,86,0,1,312,203,77,46,7,8
赤眼鳟[金目鱼],109,0,59,18,0,2,4,5,6,0,0,1,0,2,1,12,76,0,1,291,186,76,87,79,23
感鱼[猴鱼],114,0,139,18,0,23,4,1,0,1,0,0,0,1,1,11,58,0,1,194,109,76,158,21,8
胡子鲇[塘虱(鱼)],146,0,18,15,0,20,8,4,1,3,0,0,0,0,1,8,53,0,1,78,129,73,46,34,8
黄颡鱼[戈牙鱼，黄鳍鱼],124,0,59,18,0,19,3,4,6,7,0,0,0,1,1,0,90,0,1,202,166,72,250,16,8
黄鳝[鳝鱼],89,0,42,18,1,18,1,4,2,1,0,2,0,1,2,50,126,0,1,263,206,78,70,35,23
黄鳝丝,69,0,57,15,2,0,1,2,3,0,0,8,0,1,2,0,77,0,1,278,81,83,131,36,23
尖嘴白,137,0,27,23,0,14,3,0,1,4,0,0,0,0,1,0,73,0,1,375,192,69,48,0,8
口头鱼,134,0,103,20,0,26,4,2,2,4,0,0,0,0,2,0,0,0,1,270,247,70,48,0,8
鲤鱼[鲤拐子],109,0,50,18,0,33,4,3,1,0,0,0,0,1,2,25,84,0,1,334,204,77,54,15,8
罗非鱼,98,0,12,18,0,36,2,3,1,3,0,0,0,2,1,0,78,0,1,289,161,76,20,23,8
罗非鱼(莫桑比克)[非洲黑鲫鱼],77,0,24,16,0,24,1,2,1,1,0,0,0,0,1,7,54,0,1,338,150,81,67,0,8
泥鳅,96,0,299,18,0,28,2,6,3,2,0,0,0,1,3,14,136,0,2,282,302,77,75,35,8
青鱼[青皮鱼，青鳞鱼，青混],118,0,31,20,0,32,4,3,1,0,0,0,0,1,1,42,108,0,2,325,184,74,47,38,8
乌鳢[黑鱼，石斑鱼，生鱼],85,0,152,18,0,33,1,2,1,0,0,0,0,1,1,26,91,0,2,313,232,79,49,25,8
银鱼[面条鱼],105,0,46,17,0,25,4,0,1,0,0,0,0,2,0,0,361,0,3,246,22,76,9,10,8
湟鱼(裸鲤鱼),124,0,42,17,0,15,3,3,1,7,0,0,0,1,1,10,98,0,2,372,229,71,42,24,8
湟鱼(裸鱼),100,0,59,18,0,15,2,2,2,2,0,0,0,1,2,16,74,0,1,329,221,77,117,5,8
鲇鱼[胡子鲇，鲢胡，旺虾],103,0,42,17,0,22,4,2,2,0,0,0,0,1,1,0,163,0,1,351,195,78,50,27,8
鲒花,117,0,0,16,0,0,6,1,0,0,0,0,0,2,0,0,34,0,2,0,270,77,64,25,8
鲢鱼[白鲢，胖子，连子鱼],104,0,53,18,0,23,4,2,1,0,0,0,0,1,1,20,99,0,1,277,190,77,58,16,8
鲫鱼[喜头鱼，海附鱼],108,0,79,17,0,41,3,2,1,4,0,0,0,1,2,17,130,0,1,290,193,75,41,14,8
鲮鱼[雪鲮],95,0,31,18,0,22,2,3,1,1,0,0,0,2,1,125,86,0,1,317,176,78,40,48,23
鲮鱼(罐头),399,0,598,31,0,74,27,2,6,8,0,1,0,6,2,0,162,0,7,480,750,27,2310,9,19
鳊鱼[鲂鱼，武昌鱼],135,0,89,18,0,17,6,2,1,1,0,0,0,1,1,28,94,0,1,215,188,73,41,12,8
鳗鲡[鳗鱼，河鳗],181,0,42,19,0,34,11,4,2,2,0,0,0,4,1,0,177,0,1,207,248,67,59,34,8
鳙鱼[胖头鱼，摆佳鱼，花鲢鱼],100,0,82,15,0,26,2,3,1,5,0,0,0,3,1,34,112,0,1,229,180,76,61,19,8
鳜鱼[桂鱼，花鲫鱼],117,0,63,20,0,32,4,6,1,0,0,0,0,1,1,12,124,0,2,295,217,74,69,26,8
鳟鱼[红鳟鱼],99,0,34,19,0,45,3,0,0,0,0,0,0,4,4,206,102,0,2,688,374,77,110,20,8
白姑鱼[白米子(鱼)],150,0,23,19,0,28,8,3,0,0,0,0,0,1,1,0,80,0,1,382,171,72,153,21,8
参鱼[蓝圆参，边鱼],124,0,55,18,0,30,3,4,2,5,0,0,0,0,1,1,78,0,1,215,191,72,82,25,8
带鱼[白带鱼，刀鱼],127,0,28,18,0,43,5,3,1,3,0,0,0,1,1,29,76,0,1,280,191,73,150,37,8
堤鱼,191,0,15,18,0,46,13,6,2,1,0,0,0,0,1,5,0,0,1,228,324,67,65,80,23
丁香鱼(干),196,0,590,38,0,319,3,2,4,5,0,1,0,0,3,119,379,0,18,664,914,36,4375,41,19
狗母鱼[大头狗母鱼],100,0,95,17,0,51,2,4,2,3,0,0,0,0,1,11,71,0,2,194,263,76,156,29,8
海鲫鱼[九九鱼],206,0,69,17,0,30,14,4,2,4,0,0,0,1,1,0,70,0,1,133,193,64,16,29,8
海鳗[鲫勾],122,0,28,19,0,27,5,3,1,0,0,0,0,2,1,22,71,0,1,266,159,75,96,26,8
红娘鱼[翼红娘鱼],105,0,160,18,0,45,3,5,1,2,0,0,0,1,3,6,120,0,1,308,297,76,164,59,23
黄姑鱼[黄婆鸡(鱼)],137,0,94,18,0,29,7,4,1,0,0,0,0,1,1,0,166,0,1,282,196,74,102,64,23
黄鱼(大黄花鱼),97,0,53,18,0,39,2,2,1,1,0,0,0,1,1,10,86,0,1,260,174,78,120,43,8
黄鱼(小黄花鱼),99,0,78,18,0,28,3,2,1,0,0,0,0,1,1,0,74,0,1,228,188,78,103,55,23
黄鲂[赤虹，老板鱼],81,0,27,18,0,24,0,2,0,1,0,0,0,0,0,10,121,0,3,227,157,78,160,31,8
金线鱼[红三鱼],101,0,102,19,0,29,3,5,1,0,0,0,0,1,1,20,54,0,1,300,128,77,118,48,23
绿鳍马面豚[面包鱼，橡皮鱼],83,0,54,18,0,27,1,3,1,1,0,0,0,1,1,15,45,0,1,291,185,79,80,38,8
梅童鱼[大头仔鱼，丁珠鱼],121,0,34,19,0,36,5,2,2,0,0,0,0,1,1,25,88,0,1,299,164,75,106,45,23
沙丁鱼[沙鲻],89,0,184,20,0,30,1,2,1,0,0,0,0,0,0,0,158,0,1,136,183,78,92,49,23
沙钻鱼[多鳞喜，沙梭，麦穗鱼],84,0,120,18,0,40,1,2,2,1,0,0,0,0,1,12,120,0,1,211,220,78,174,21,8
蛇鲻[沙梭鱼],122,0,117,21,0,30,4,2,0,0,0,0,0,1,1,0,74,0,1,304,156,74,118,13,8
舌鳎[花纹舌头，舌头鱼],83,0,57,18,0,27,1,2,2,0,0,0,0,1,0,6,82,0,2,309,168,80,139,35,8
油抒[香梭鱼],145,0,13,16,0,44,9,3,2,0,0,0,0,1,1,32,78,0,1,275,158,74,68,22,8
颚针鱼[针量鱼],180,0,58,20,0,30,10,0,1,1,0,0,0,3,2,0,101,0,2,336,197,66,73,37,8
鲅鱼[马鲛鱼，燕鲅鱼，巴鱼],121,0,35,21,0,50,3,2,1,2,0,0,0,1,1,19,75,0,1,370,130,72,74,52,23
鲅鱼(咸)[咸马胶],157,0,0,23,0,0,2,3,6,12,0,0,0,5,2,0,89,0,10,298,228,53,5350,28,8
鲆[片口鱼，比目鱼],112,0,55,21,0,55,3,4,1,0,0,0,0,0,1,0,81,0,2,317,178,76,67,37,8
鲈鱼[鲈花],105,0,138,19,0,37,3,3,2,0,0,0,0,1,3,19,86,0,2,205,242,76,144,33,8
鲐鱼[青鲐鱼，鲐巴鱼，青砖鱼],155,0,50,20,0,47,7,9,2,2,0,0,0,1,1,38,77,0,1,263,247,69,88,58,23
鲑鱼[大麻哈鱼],139,0,13,17,0,36,8,4,0,0,0,0,0,1,1,45,68,0,1,361,154,74,63,29,8
鲑鱼籽酱[大麻哈鱼籽酱],252,0,23,11,0,73,17,0,3,14,0,0,0,12,3,111,0,1,8,171,359,49,2881,203,23
鲚鱼(大)[大凤尾鱼],106,0,114,13,0,28,6,1,2,1,0,0,0,1,2,15,117,0,3,161,498,78,53,38,8
鲚鱼(小)[小凤尾鱼],124,0,78,16,0,23,5,1,2,4,0,0,0,1,1,14,82,0,3,225,460,73,38,33,8
鲨鱼[真鲨，白斑角鲨],118,0,41,22,0,30,3,3,1,0,0,0,0,1,1,21,70,0,1,285,212,73,102,57,23
鲳鱼[平鱼，银鲳，刺鲳],140,0,46,18,0,39,7,2,1,0,0,0,0,1,1,24,77,0,1,328,155,73,62,27,8
鲷[黑鲷，铜盆鱼，大目鱼],106,0,186,18,0,36,3,4,2,3,0,0,0,1,1,12,65,0,2,261,304,75,104,32,8
鲻鱼[白眼棱鱼],119,0,19,19,0,25,5,2,0,0,0,0,0,3,1,0,99,0,1,245,183,75,71,17,8
鲽[比目鱼，凸眼鱼],107,0,107,21,0,32,2,2,0,0,0,0,0,2,1,117,73,0,2,264,135,75,150,29,8
鳐鱼[夫鱼],90,0,22,21,0,20,1,4,1,0,0,0,0,1,1,27,48,0,1,277,159,77,130,29,8
鳓鱼[快鱼，力鱼],159,0,39,21,0,28,8,0,1,0,0,0,0,2,1,0,76,0,1,246,203,72,48,36,8
鳕鱼[鳕狭，明太鱼],88,0,42,20,0,84,0,3,0,0,0,0,0,0,1,14,114,0,1,321,232,77,130,25,8
鳘鱼,89,0,21,20,0,18,1,3,1,0,0,0,0,0,1,33,62,0,1,357,228,78,55,51,23
鱼片干,303,0,106,46,0,60,3,5,4,22,0,0,0,1,3,0,307,0,8,251,308,20,2321,0,27
鱼奇油[鱼露，虾油],47,0,24,11,0,60,0,2,3,0,0,0,0,0,0,0,0,0,23,199,6,65,9350,12,32
白米虾[水虾米],81,0,403,17,0,26,0,0,2,2,0,0,0,3,2,54,103,1,3,255,267,77,91,0,8
斑节对虾[草虾],103,0,59,19,0,63,1,2,2,5,0,0,0,2,2,82,148,1,2,363,275,74,169,28,8
长毛对虾[大虾，白露虾],90,0,36,18,0,47,0,3,3,3,0,0,0,4,2,79,136,1,2,386,241,76,209,9,8
刺蛄[刺蛄],77,0,0,16,0,21,1,3,14,0,0,0,0,0,1,0,98,1,1,181,283,81,87,0,8
东方对虾[中国对虾],84,0,35,18,0,37,0,1,1,2,0,0,0,4,1,87,183,0,2,217,253,78,134,19,8
对虾,93,0,62,19,0,43,1,2,2,3,0,0,0,1,2,15,193,0,1,215,228,76,165,34,8
海虾,79,0,146,17,0,46,1,2,3,2,0,0,0,3,1,0,117,0,2,228,196,79,302,56,23
河虾,87,0,325,16,0,60,2,0,4,0,0,0,0,5,2,48,240,1,4,329,186,78,134,30,8
基围虾,101,0,83,18,0,45,1,3,2,4,0,0,0,2,1,0,181,0,1,250,139,75,172,40,8
江虾[沼虾],87,0,78,10,0,131,1,2,9,9,0,1,0,11,3,102,116,3,2,683,293,77,0,18,8
龙虾,90,0,21,19,0,22,1,4,1,1,0,0,0,4,3,0,121,1,1,257,221,78,190,39,8
明虾,85,0,75,13,0,31,2,4,1,4,0,0,0,2,4,0,273,0,1,238,189,80,119,25,8
塘水虾[草虾],96,0,403,21,0,26,1,0,3,0,0,0,0,5,3,44,264,2,4,250,233,74,109,0,8
虾虎,81,0,22,12,0,32,2,1,2,5,0,0,0,3,3,0,177,3,1,132,206,81,137,47,23
虾皮,153,0,991,31,0,265,2,3,7,2,0,1,0,1,2,19,428,1,22,617,582,42,5058,74,19
螯虾,93,0,85,15,0,2,4,3,6,0,0,3,0,4,1,0,0,1,1,550,228,80,225,8,8
虾米[海米，虾仁],198,0,555,44,0,236,3,5,11,0,0,1,0,1,4,21,525,2,17,550,666,37,4892,75,5
虾脑酱,100,0,667,15,0,53,4,4,9,0,0,1,0,2,4,0,249,2,22,111,146,58,1790,21,32
海蟹,95,0,208,14,0,47,2,2,2,5,0,0,0,3,3,30,125,2,2,232,142,77,260,83,23
河蟹,103,0,126,18,0,23,3,2,3,2,0,0,0,6,4,389,267,3,2,181,182,76,194,57,23
踞缘青蟹[青蟹],80,0,228,15,0,42,2,2,1,2,0,0,0,3,4,402,119,3,2,206,262,80,193,76,23
梭子蟹,95,0,280,16,0,65,3,2,2,1,0,0,0,5,6,121,142,1,3,208,152,78,481,91,23
蟹肉,62,0,231,12,0,41,1,4,2,1,0,0,0,3,2,0,65,1,2,214,159,84,270,33,8
鲍鱼[杂色鲍],84,0,266,13,0,59,1,0,23,7,0,0,0,2,2,24,242,1,2,136,77,78,2012,21,8
鲍鱼(干),322,0,143,54,0,352,6,7,7,14,0,0,0,1,2,28,0,0,8,366,251,18,2316,67,5
蛏子,40,0,134,7,0,35,0,1,34,2,0,2,0,1,2,59,131,0,2,140,114,88,176,55,23
蛏干[蛏子缢，蛏青子],340,0,107,46,0,303,5,5,89,27,0,8,0,0,14,20,469,2,9,586,791,12,1175,121,5
赤贝,61,0,35,14,0,45,1,0,5,0,0,1,0,13,12,0,144,0,2,153,118,85,266,60,23
河蚌,54,0,248,11,0,16,1,1,27,1,0,60,0,1,6,243,103,0,2,17,305,85,17,20,10
河蚬[蚬子],47,0,39,7,0,10,1,1,11,2,0,0,0,0,2,37,257,0,1,25,127,88,18,30,8
牡蛎[海蛎子],73,0,131,5,0,65,2,1,7,8,0,1,0,1,9,27,100,8,2,200,115,82,462,87,21
生蚝,57,0,35,11,0,10,2,2,5,0,0,0,0,0,71,0,94,12,0,375,100,87,270,41,24
泥蚶[血蚶，珠蚶],71,0,59,10,0,84,1,1,11,6,0,1,0,13,12,6,124,0,1,207,103,82,355,41,23
扇贝(鲜),60,0,142,11,0,39,1,0,7,3,0,1,0,12,12,0,140,0,2,122,132,84,339,20,8
扇贝(干)[干贝],264,0,77,56,0,106,2,2,6,5,0,0,0,2,5,11,348,0,10,969,504,27,306,76,5
鲜贝,77,0,28,16,0,31,0,2,1,2,0,0,0,1,2,0,116,0,1,226,166,80,120,57,23
银蚶[蚶子],71,0,49,12,0,59,1,1,7,2,0,1,0,1,2,0,89,0,1,76,111,83,280,86,23
贻贝(鲜)[淡菜，壳菜],80,0,63,11,0,56,2,2,7,5,0,0,0,14,2,73,123,0,2,157,197,80,451,58,23
贻贝(干)[淡菜，壳菜],355,0,157,48,0,169,9,4,12,20,0,1,0,7,7,36,493,1,7,264,454,16,779,120,5
蛤蜊(均值),62,0,133,10,0,78,1,2,11,3,0,0,0,2,2,21,156,0,2,140,128,84,426,54,23
花蛤蜊,45,0,59,8,0,82,1,2,6,2,0,0,0,1,1,23,63,0,2,235,126,87,309,77,23
毛蛤蜊,97,0,137,15,0,87,1,1,15,7,0,1,0,4,2,0,113,0,1,164,116,76,363,68,23
秋蛤蜊,89,0,177,16,0,108,1,2,22,5,0,1,0,18,3,0,180,0,2,123,166,76,492,87,23
沙蛤蜊,56,0,111,9,0,66,2,2,6,1,0,0,0,2,2,0,74,0,2,109,97,87,578,28,8
杂色蛤蜊,53,0,177,8,0,59,2,2,13,1,0,0,0,4,5,0,106,0,2,97,161,88,495,41,23
螺(均值),100,0,722,16,0,143,1,2,7,7,0,1,0,8,5,26,0,1,3,167,118,74,153,38,23
红螺,119,0,539,20,0,191,1,0,5,8,0,0,0,21,3,50,177,0,3,179,152,69,220,75,23
黄螺[东风螺],106,0,55,20,1,32,1,2,3,4,0,0,0,0,2,2,167,1,4,297,140,71,129,28,8
螺蛳,59,0,156,8,0,178,1,2,1,6,0,1,0,0,10,0,86,2,3,75,98,83,253,17,8
石螺,90,0,2458,13,0,147,1,1,9,8,0,0,0,2,6,0,198,2,3,21,118,75,13,12,36
田螺,60,0,1030,11,0,77,0,2,20,4,0,1,0,1,3,0,154,1,3,98,93,82,26,17,19
香海螺,163,0,91,23,0,231,4,3,3,10,0,1,0,7,3,0,195,1,2,333,109,62,279,79,23
海参,78,0,285,16,0,149,0,0,13,2,0,1,0,3,1,0,51,0,4,43,28,77,503,64,23
海参(干),262,0,0,50,0,1047,5,1,9,4,0,0,0,0,2,39,62,0,22,356,94,19,4968,150,5
海参(水浸),25,0,240,6,0,31,0,0,1,0,0,0,0,0,0,11,50,0,0,41,10,94,81,6,1
海蜇皮,33,0,150,4,0,124,0,0,5,4,0,0,0,2,1,0,8,0,16,160,30,76,325,16,32
海蜇头,74,0,120,6,0,114,0,0,5,12,0,2,0,3,0,14,10,0,13,331,22,69,468,17,32
墨鱼[曼氏无针乌贼],83,0,15,15,0,39,1,2,1,3,0,0,0,1,1,0,226,1,1,400,165,79,166,38,8
墨鱼(干)[曼氏无针乌贼],287,0,82,65,0,359,2,4,24,2,0,0,0,7,10,0,316,4,6,1261,413,25,1744,104,5
乌贼(鲜)[鱿鱼，台湾枪乌贼，枪乌贼],84,0,44,17,0,42,2,2,1,0,0,0,0,2,2,35,268,0,1,290,19,80,110,38,8
鱿鱼(干)[台湾枪乌贼],313,0,87,60,0,192,5,5,4,8,0,0,0,10,11,0,871,1,6,1131,392,22,965,156,5
鱿鱼(水浸),75,0,43,17,0,61,1,0,0,0,0,0,0,1,1,16,0,0,1,16,60,81,135,14,8
乌鱼蛋,66,0,11,14,0,21,1,2,0,0,0,0,0,11,1,0,243,0,1,201,99,85,127,38,8
章鱼[真蛸],52,0,22,11,0,42,0,1,1,1,0,0,0,0,5,7,114,9,1,157,106,86,288,42,21
章鱼(八爪鱼)[八角鱼],135,0,21,19,0,50,0,5,1,14,0,0,0,1,1,0,0,0,1,447,63,65,65,27,8
母乳化奶粉,510,0,251,14,1,69,27,0,8,52,5,0,0,0,2,303,0,0,4,643,354,3,169,71,23
婴儿奶粉,443,0,998,20,1,100,15,0,5,57,0,0,0,3,4,28,91,0,4,703,457,4,9,24,19
豆奶粉,423,0,149,19,0,184,8,1,4,69,0,1,0,5,2,0,90,1,2,528,257,3,15,7,3
钙质糕粉,362,1,116,8,0,93,1,2,2,80,0,1,2,0,2,0,29,0,1,169,202,8,6,2,25
健儿粉,369,0,137,7,1,21,1,1,2,83,0,1,0,0,1,13,0,0,1,113,181,8,22,2,3
莲子健儿粉,352,0,12,8,0,61,1,1,3,78,0,1,0,0,2,0,0,0,1,141,61,12,4,3,3
乳儿糕,365,0,143,12,0,66,3,2,3,74,1,1,1,0,2,0,0,0,1,232,272,10,123,3,3
婴儿奶糕,343,0,61,10,1,1,1,2,2,73,0,1,1,0,1,0,0,0,3,398,415,12,106,7,3
婴儿营养粉[婴宝*5410*],426,1,668,17,1,97,13,4,6,61,20,1,0,4,2,540,0,0,3,696,490,6,95,0,25
营养乳儿糕,364,0,408,8,0,36,2,5,1,79,0,0,0,1,0,669,0,0,3,137,435,8,112,9,3
艾窝窝,190,0,19,4,0,13,0,1,0,43,0,0,0,0,0,0,0,1,0,53,34,52,2,2,1
白水羊头,193,0,41,22,0,11,11,1,5,1,0,0,0,1,2,13,92,0,4,32,110,62,899,11,8
茶汤,93,0,17,2,0,17,0,0,1,21,0,0,0,0,0,0,0,0,2,42,41,75,24,1,1
炒肝,96,0,22,3,0,14,8,2,3,3,0,0,0,0,1,150,91,0,1,27,28,85,260,0,1
春卷,463,0,10,6,0,36,34,3,2,34,0,0,1,4,1,0,0,0,2,89,94,24,486,6,0
豆腐脑(带卤),47,0,301,3,0,35,2,0,2,5,0,0,0,1,0,0,0,0,2,108,46,88,236,0,1
粉皮,61,0,5,0,0,2,0,0,0,14,0,0,1,0,0,0,0,0,0,15,2,84,4,0,1
灌肠,134,0,11,0,0,5,0,0,6,32,0,0,0,0,0,0,0,0,1,18,11,66,12,5,1
煎饼,336,0,9,8,0,86,1,0,7,75,0,1,9,0,2,0,0,0,1,117,320,7,86,4,3
焦圈,530,0,24,7,0,103,35,8,0,47,0,2,2,1,2,0,0,0,4,263,157,6,762,11,0
京八件,435,0,15,7,0,23,16,4,3,65,0,0,3,6,0,7,0,0,0,81,54,8,17,13,3
栗羊羹,301,0,80,4,0,22,1,0,1,70,0,0,1,1,1,0,0,0,1,16,41,24,6,1,13
凉粉,37,0,9,0,0,3,0,0,1,8,0,0,1,0,0,0,0,0,0,5,1,90,3,1,1
凉粉(带调料),51,0,9,0,0,8,0,0,1,11,0,0,0,0,0,0,0,0,0,0,3,88,0,0,1
凉面,167,0,2,5,0,8,2,0,4,33,0,0,0,1,1,0,0,0,0,10,61,60,164,9,1
龙虾片,338,0,112,1,0,32,0,0,15,84,0,1,2,0,2,0,0,1,3,25,13,11,640,4,13
驴打滚,194,0,34,8,0,37,0,0,9,40,0,1,2,2,1,0,0,0,1,165,105,48,192,2,3
美味香酥卷,368,0,0,8,1,56,4,2,2,76,0,1,0,5,0,18,0,0,2,152,112,11,186,18,3
蜜麻花[糖耳朵],367,0,99,5,0,98,11,9,4,62,0,1,1,8,1,0,0,0,2,135,83,19,362,7,3
密三刀,425,0,4,4,0,21,14,0,2,70,0,0,1,8,1,0,0,0,0,53,71,10,48,9,3
面窝,289,0,38,5,0,21,11,1,0,43,0,0,1,2,0,0,0,0,2,95,77,38,155,10,3
年糕,154,0,31,3,0,43,1,2,2,34,0,0,1,1,1,0,0,0,0,81,52,61,56,2,1
酿皮,106,0,4,4,0,3,0,0,3,22,0,0,0,0,1,0,0,0,1,138,25,72,515,0,1
青稞炒面,356,0,8,12,0,134,2,1,8,72,0,1,5,0,3,0,0,0,2,162,430,7,8,0,3
热干面,152,0,67,4,0,20,2,0,3,28,0,0,0,0,0,0,0,0,2,46,58,63,166,6,1
三刀蜜,383,0,97,4,0,41,10,0,5,68,0,0,1,12,8,0,56,3,1,73,76,16,20,15,3
三鲜豆皮,237,0,4,6,0,3,10,1,1,30,0,0,1,3,1,74,70,0,2,21,47,51,207,0,1
汤泡,236,0,18,8,0,7,12,1,4,25,0,0,0,1,0,0,21,0,1,48,55,54,219,0,1
甜胚子,130,0,0,5,0,0,0,0,0,27,0,0,0,0,0,0,0,0,0,0,0,67,0,0,1
甜醅,187,0,3,8,0,51,0,0,5,39,0,0,2,0,2,0,0,0,0,124,151,51,4,0,3
豌豆黄,133,0,141,8,0,52,1,2,5,24,0,0,2,3,3,5,0,0,2,137,102,64,152,1,1
香油炒面,407,0,16,12,0,0,5,3,3,79,0,0,2,3,1,17,0,3,1,154,149,2,46,37,3
油茶,94,0,22,2,0,15,1,0,1,19,0,0,1,0,0,0,0,0,0,46,30,76,20,4,1
油炸豆瓣,405,0,63,25,0,77,10,2,2,54,0,1,1,8,4,0,0,1,2,611,245,8,359,10,3
油炸豆花,400,0,0,33,0,0,15,2,0,33,0,0,2,19,0,0,0,0,4,0,0,12,0,0,0
炸糕,280,0,24,6,0,62,12,4,2,36,0,0,1,4,1,0,0,0,1,143,84,44,97,2,3
糌粑(稞麦熟品),257,0,71,4,0,61,13,2,14,31,0,1,2,3,10,0,73,6,1,123,176,49,9,8,21
蛋糕(均值),347,0,39,9,0,24,5,1,2,67,0,1,0,3,1,86,0,1,1,77,130,19,68,14,3
蛋糕(黄蛋糕),320,0,27,10,0,7,6,1,2,57,0,0,0,3,1,48,0,0,0,80,76,27,32,8,3
蛋清蛋糕,339,0,30,6,0,18,2,0,2,73,0,0,0,2,0,55,0,0,0,36,80,18,49,6,13
宫廷蛋糕,334,0,5,7,0,22,3,0,2,68,0,0,1,4,1,79,0,0,0,90,146,20,49,10,3
老年蛋糕,383,0,96,13,0,26,10,2,4,61,0,1,1,4,1,75,0,0,1,221,164,15,118,17,3
奶油蛋糕,378,0,38,7,0,19,14,1,2,56,0,1,1,3,2,175,161,0,0,67,90,22,81,8,3
西式蛋糕,316,0,5,8,0,20,3,0,2,64,0,0,0,4,1,103,0,0,0,86,160,24,48,9,3
月饼(百寿宴点),429,0,31,5,0,14,22,3,2,52,0,0,3,1,1,85,0,0,1,120,72,17,11,3,3
月饼(豆沙),405,0,64,8,0,43,14,2,3,62,0,0,3,8,1,7,0,0,1,211,95,12,22,7,3
月饼(奶油果馅),441,0,12,6,0,36,17,3,4,67,0,0,1,0,1,23,0,0,0,87,45,9,28,1,3
月饼(奶油松仁),438,0,26,6,0,22,21,3,2,55,0,1,4,2,1,62,0,0,1,132,99,13,18,2,3
月饼(唐王赏月),407,0,29,8,0,60,18,3,2,52,0,1,5,10,1,17,0,0,1,114,105,15,57,8,3
月饼(五仁),416,0,54,8,0,27,16,4,3,60,0,0,4,9,1,7,0,0,1,198,110,11,18,7,3
月饼(香油果馅),449,0,18,6,0,36,20,3,3,62,0,0,4,3,1,17,0,0,0,87,81,8,28,2,3
月饼(枣泥),424,0,66,7,0,23,16,3,3,64,0,0,1,1,1,8,0,0,1,178,62,12,24,2,3
板油酥饼,359,0,14,8,0,14,15,1,2,48,0,0,1,2,1,40,49,0,1,102,71,27,324,0,3
蛋黄酥,386,0,47,12,0,38,4,4,3,76,0,1,1,1,1,33,0,1,1,105,181,6,100,12,3
蛋麻脆,452,0,59,9,0,49,17,4,2,65,0,0,2,3,0,174,0,0,2,134,171,5,68,3,3
德庆酥,456,0,38,6,0,40,19,5,1,66,0,0,4,0,0,0,50,0,1,98,106,4,60,1,3
鹅油卷,461,0,53,8,0,55,23,10,3,56,0,1,2,2,1,17,0,0,2,139,113,10,24,10,3
凤尾酥,511,0,40,7,0,9,25,1,0,64,0,0,0,2,0,57,0,0,1,84,94,3,0,22,3
福来酥,465,0,54,6,0,17,21,2,5,62,0,0,2,1,0,54,0,0,1,96,95,7,45,16,3
核桃薄脆,480,0,54,10,0,36,25,6,4,55,0,1,6,4,1,10,0,0,1,147,131,3,251,10,3
黑麻香酥,437,0,89,6,0,50,16,1,7,67,0,0,3,4,1,274,0,0,1,104,107,7,36,2,3
黑洋酥,417,0,8,4,0,3,12,0,6,72,0,1,8,0,1,0,0,0,1,92,144,2,3,3,3
混糖糕点,453,0,77,8,0,47,16,3,4,69,0,0,1,6,1,7,0,0,1,116,96,5,135,8,3
鸡腿酥,436,0,19,6,0,14,13,1,1,73,0,0,0,2,0,0,0,0,1,59,63,7,407,9,13
夹心酥饼,481,0,14,5,0,22,25,0,3,59,0,0,0,3,1,0,0,0,0,66,85,10,19,0,3
江米条,439,0,33,6,0,31,12,2,2,78,0,1,0,14,1,0,0,0,0,68,56,4,46,6,3
金钱酥,474,0,508,11,0,390,23,2,9,55,0,1,8,6,4,0,107,1,2,272,294,1,60,15,7
京式黄酥,490,0,30,6,0,21,22,2,2,67,0,0,0,4,0,17,92,0,0,79,46,4,53,4,3
开口笑,512,0,39,8,0,81,30,6,4,52,0,1,3,28,1,12,0,0,1,143,133,5,68,12,0
廖花糖,392,0,243,7,0,77,14,2,0,59,0,2,12,4,2,0,0,0,1,58,60,7,36,0,3
绿豆糕,349,0,24,13,0,87,1,6,7,72,0,1,1,4,1,47,0,0,1,416,121,12,12,5,3
麻烘糕,397,0,59,4,0,27,4,2,6,87,0,0,0,0,0,0,0,0,1,45,66,4,2,2,13
麻花,524,0,26,8,0,67,32,3,0,52,0,1,2,22,3,0,0,0,1,213,136,6,99,7,0
麻香糕,401,0,23,4,0,19,4,2,1,88,0,0,0,1,0,0,0,0,0,45,46,4,2,4,13
米花糖,384,0,144,3,0,42,3,2,5,86,0,1,0,2,0,0,0,0,0,55,52,7,43,2,13
起酥,499,0,0,9,0,24,32,2,2,45,0,0,0,6,0,55,0,0,2,73,68,13,494,7,0
水晶饼,436,0,49,0,0,49,17,0,4,70,0,1,1,1,1,0,51,0,1,47,106,11,32,15,3
酥皮糕点,426,0,24,8,0,35,16,3,3,64,0,1,1,1,1,12,0,0,1,105,91,11,56,10,3
桃酥,481,0,48,7,0,59,22,2,3,64,0,1,1,14,1,0,0,0,1,90,87,5,34,16,3
硬皮糕点,463,0,42,8,0,41,20,3,1,62,0,1,1,10,1,40,0,0,1,111,123,7,97,13,3
芝麻桃酥,467,0,6,7,0,27,18,0,2,70,0,0,0,14,1,15,0,0,0,78,101,5,2,1,3
状元饼,435,0,0,9,0,28,15,1,5,67,0,0,1,2,1,13,0,0,1,136,61,8,14,0,3
茯苓夹饼,332,0,65,4,0,52,0,1,6,78,0,0,6,5,1,0,0,0,1,105,131,10,103,1,3
蛋片,391,0,6,8,0,20,4,0,2,80,0,0,0,2,1,180,0,0,1,90,153,7,47,16,3
麦片,351,0,8,12,0,108,7,4,4,59,0,3,9,1,2,0,0,0,2,306,339,11,21,6,3
燕麦片,367,0,186,15,0,177,7,1,7,62,0,3,5,3,3,0,0,0,2,214,291,9,4,4,3
玉米片(即食粥),390,0,11,7,0,22,4,2,9,82,0,0,0,0,0,0,0,0,0,52,70,6,2,1,13
方便面,472,0,25,10,0,38,21,1,4,61,0,1,1,2,1,0,0,0,4,134,80,4,1144,10,3
面包(均值),312,0,49,8,0,31,5,2,2,58,0,0,0,2,1,0,0,0,1,88,107,27,230,3,3
多维面包,316,0,49,9,0,32,8,3,3,51,0,0,0,1,1,0,0,0,1,12,110,31,653,17,3
法式牛角面包,375,0,83,8,0,29,14,5,2,53,0,0,2,4,1,0,0,0,1,103,93,21,352,18,3
法式配餐面包,282,0,127,10,0,35,1,6,2,58,0,0,1,1,1,0,0,0,2,113,102,28,478,20,3
果料面包,278,0,124,8,0,29,2,5,2,56,0,0,1,1,1,0,0,0,1,94,100,31,210,24,3
黄油面包,329,0,35,8,0,22,9,2,2,55,0,0,1,5,0,0,0,0,0,92,94,27,14,3,3
乐斯美面包,333,0,22,9,0,26,3,1,2,68,0,0,1,0,2,0,0,0,0,103,99,19,55,3,3
麦胚面包,246,0,75,8,0,24,1,6,2,51,0,0,0,1,0,0,0,0,2,92,88,38,457,20,3
麦维面包,270,0,35,8,1,45,5,5,2,48,0,0,0,0,1,0,0,0,1,70,61,38,151,24,3
维生素面包,279,0,49,9,1,27,6,6,2,48,0,0,0,0,1,0,0,0,1,85,107,36,256,22,3
咸面包,274,0,89,9,0,28,4,4,3,50,0,0,0,1,1,0,0,0,2,89,108,34,526,34,3
椰圈面包,320,0,49,10,0,27,5,1,2,60,0,0,0,2,1,0,0,0,1,90,104,25,106,0,3
桦榕面包,328,0,9,9,0,30,8,0,2,56,0,1,0,2,1,0,0,0,1,90,174,26,236,12,3
饼干(均值),433,0,73,9,0,50,13,5,2,71,3,1,1,5,1,37,81,0,1,85,88,6,204,12,3
VC饼干,572,0,0,11,0,54,40,2,2,43,5,1,0,4,1,0,0,0,1,99,95,6,114,23,0
饼干(强化锌)[富锌饼干],444,0,144,11,0,74,13,2,2,70,0,1,1,8,2,13,0,0,1,117,123,3,231,24,3
补血饼干,452,0,76,12,0,73,15,0,10,68,13,0,0,0,4,0,0,1,1,72,184,4,177,0,3
儿童营养饼干,447,0,136,11,0,59,13,0,5,72,7,0,0,0,3,0,0,0,0,52,172,4,107,0,3
钙奶饼干,444,0,115,8,0,61,13,1,4,73,3,1,1,2,3,0,81,1,1,83,267,3,112,12,3
钙王饼干,450,0,250,8,0,22,14,0,1,73,0,1,0,2,2,12,0,0,2,132,277,3,259,4,3
高蛋白饼干,448,0,111,11,0,60,16,6,4,64,9,1,2,7,1,77,0,1,1,103,159,6,105,27,3
军用压缩饼干,457,0,149,8,0,57,18,5,4,66,0,1,1,1,0,0,0,0,1,106,119,5,320,23,3
奶油饼干,429,0,49,8,0,32,13,4,2,69,0,1,1,7,2,22,81,1,2,110,105,6,196,21,3
牛奶饼干,408,0,6,8,0,30,6,0,3,80,0,1,0,1,2,94,0,0,1,129,102,4,399,3,3
曲奇饼,546,0,45,6,0,19,32,1,2,59,0,0,0,6,0,0,0,0,1,67,64,2,175,13,0
苏打饼干,408,0,0,8,0,20,8,0,2,76,0,0,0,1,0,0,0,0,2,82,69,6,312,39,3
维夫饼干,528,0,58,5,0,24,35,1,2,48,0,0,0,1,1,0,0,0,1,0,63,10,282,10,0
菠萝豆,392,0,19,10,0,4,2,0,9,83,0,3,0,0,2,0,0,0,0,38,100,4,30,4,13
空心果,451,0,114,7,0,28,15,0,5,72,0,0,0,1,1,0,27,0,0,40,53,6,6,0,13
马铃薯片(油炸)[油炸土豆片],612,0,11,4,0,34,48,6,1,40,0,0,2,5,1,8,0,0,2,620,88,4,61,0,0
酥香兰花豆,416,0,59,13,0,40,14,2,2,60,0,1,1,8,2,0,0,1,3,508,157,9,110,9,3
百令可乐,28,0,43,0,0,1,0,0,0,6,0,0,0,0,0,0,0,0,0,1,4,93,23,0,1
冰川可乐,45,0,0,0,0,4,0,0,0,11,0,0,0,0,0,0,0,0,0,1,0,89,11,0,1
橙珍(易拉罐装),25,0,8,0,0,2,0,1,0,6,0,0,0,0,0,8,0,0,0,5,1,94,5,0,1
橙汁汽水,20,0,10,0,0,2,0,0,0,5,0,0,0,0,0,10,0,0,0,3,0,95,8,0,1
柠檬汽水,38,0,9,0,0,4,0,0,0,10,0,0,0,0,0,0,0,0,0,0,0,90,3,0,1
特制柠檬汽水,50,0,8,0,0,1,0,0,0,12,0,0,0,0,0,0,0,0,0,2,1,88,4,0,1
特制汽水,42,0,8,0,0,2,0,1,0,10,0,0,0,0,0,7,0,0,0,4,1,90,6,0,1
维尔康运动饮料,45,0,6,0,0,2,0,0,0,11,0,0,0,0,0,0,0,0,0,5,0,89,5,0,1
VC橘汁,95,0,4,0,0,3,0,0,0,23,187,0,0,0,0,0,0,0,0,25,1,76,4,0,1
浓缩橘汁,235,0,21,1,0,23,0,0,1,57,80,0,0,0,0,122,0,0,0,140,8,41,4,1,13
鲜橘汁(纸盒),30,0,7,0,0,1,0,0,0,7,0,0,0,0,0,3,0,0,0,3,0,92,4,0,1
橘子汁,119,0,4,0,0,2,0,0,0,30,2,0,0,0,0,2,0,0,0,6,0,70,19,0,1
刺玫汁(纸盒),32,0,6,0,0,3,0,0,0,8,0,0,0,0,0,0,0,0,0,6,0,92,4,0,1
甘蔗汁,64,0,14,0,0,4,0,0,0,15,2,1,1,0,1,2,0,0,0,95,14,83,3,0,1
红果汁,157,0,5,0,0,4,0,0,0,39,0,0,0,0,0,0,0,0,0,10,1,61,19,0,1
柠檬汁,26,0,24,1,0,12,0,0,0,5,11,0,0,0,0,0,0,0,0,120,0,93,1,4,1
沙棘果汁,44,0,10,1,0,1,0,0,15,9,8,0,2,0,0,0,0,0,0,53,3,88,5,1,1
乌梅汁,133,0,6,0,0,4,0,0,0,33,0,0,0,0,0,0,0,0,1,7,0,66,24,0,1
原汁沙棘,48,0,42,3,0,44,0,0,6,9,0,0,0,3,1,0,0,0,2,81,0,86,397,1,1
胡萝卜素王,130,0,7,0,1,1,0,1,0,32,12,0,0,0,0,450,0,0,0,31,0,67,72,0,1
果味奶,20,0,88,1,0,5,1,0,0,2,0,0,0,0,0,0,18,0,0,63,39,96,37,7,1
喜乐(乳酸饮料),53,0,14,1,0,2,0,0,0,12,0,0,0,3,0,2,38,0,0,20,23,87,54,1,1
巧克力豆奶,39,0,17,3,0,19,0,0,0,6,0,0,0,6,0,0,0,0,0,57,36,90,25,0,1
杏仁露,46,0,4,1,0,0,1,0,0,8,1,0,0,0,0,0,52,0,0,1,1,90,9,0,1
茶砖[砖茶],206,0,277,14,0,217,4,2,15,28,0,46,39,0,4,317,0,2,7,844,157,8,15,9,10
茶砖(小),244,0,334,15,1,151,4,0,13,37,0,126,32,0,2,0,0,2,5,624,182,7,85,12,26
红茶,294,0,378,27,0,183,1,6,28,44,8,50,15,5,4,645,0,3,6,1934,390,7,14,56,10
花茶,281,0,454,27,0,192,1,0,18,40,26,17,18,13,4,885,0,2,6,1643,338,7,8,9,30
甲级龙井,309,0,402,33,0,224,3,9,24,38,0,8,11,6,6,888,0,2,9,2812,542,6,54,17,30
绿茶,296,0,325,34,0,196,2,8,14,35,19,33,16,10,4,967,0,2,6,1661,191,8,28,3,10
石榴花茶,320,0,1143,10,0,206,3,4,24,63,0,3,11,7,2,262,0,1,6,2455,165,6,37,15,30
柿叶茶,286,0,0,26,1,0,2,0,0,41,866,0,18,0,0,0,0,0,10,0,0,4,0,0,22
铁观音茶,304,0,416,23,0,131,1,18,9,50,0,14,15,17,2,432,0,1,5,1462,251,6,8,14,4
珠茶,305,0,203,29,0,202,2,7,40,44,44,63,15,17,3,0,0,1,6,739,352,5,13,6,10
茶水,0,0,2,0,0,3,0,0,0,0,0,0,0,0,0,0,0,0,0,6,1,100,4,0,1
宝宝福,390,0,29,0,1,10,0,0,13,97,31,0,0,0,0,0,0,0,0,96,5,2,23,0,13
冰淇淋粉,396,0,539,14,0,123,4,0,1,77,0,0,0,0,1,62,86,0,3,235,320,2,181,0,3
固体桔子饮料,391,0,54,0,0,6,0,1,0,98,63,0,0,0,0,0,0,0,0,3,3,2,11,0,13
可可粉,320,0,74,21,0,5,8,1,1,40,0,0,14,6,1,22,0,1,9,360,623,8,23,4,3
麦乳精,429,0,145,8,0,70,10,1,4,77,0,0,0,0,2,113,0,0,3,355,218,2,178,3,3
山楂晶,386,0,37,0,1,8,0,1,2,96,0,0,0,0,0,0,0,0,0,32,3,4,58,0,13
酸梅晶,394,0,29,0,1,6,0,0,7,98,5,0,0,0,2,0,0,0,0,50,4,1,12,0,13
鲜桔晶,385,0,24,0,0,0,0,0,0,96,18,0,0,0,3,0,0,0,0,1,2,4,6,0,13
猕猴桃晶,390,0,28,0,0,11,0,0,2,97,0,0,0,0,0,0,0,0,0,96,4,2,2,2,13
橘子晶,390,0,14,0,1,1,0,0,1,96,3,0,0,0,0,3,0,0,0,3,0,3,33,0,13
冰棍,47,0,31,1,0,0,0,0,1,10,0,0,0,0,0,0,0,0,0,0,13,88,20,0,1
冰砖,153,0,140,3,0,12,7,0,0,20,0,0,0,1,0,20,0,0,1,141,72,70,44,2,1
冰淇淋,127,0,126,2,0,12,5,0,0,17,0,0,0,0,0,48,0,0,1,125,67,74,54,2,1
大雪糕,74,0,80,2,0,6,1,0,1,14,0,0,0,2,0,35,0,0,0,42,34,82,84,1,1
三明治冰激淋,169,0,196,7,0,16,6,0,2,22,0,0,0,1,2,68,0,0,1,162,79,64,180,0,1
双棒雪糕,137,0,100,2,0,9,4,0,1,24,0,0,0,1,0,45,0,0,0,94,21,70,51,2,1
娃娃头,215,0,147,10,0,32,9,0,1,25,0,0,0,2,1,60,0,0,1,57,130,56,200,3,1
紫雪糕,228,0,168,3,0,16,14,0,1,24,0,0,0,4,1,26,0,0,1,124,64,59,66,3,1
红景天饮料,33,0,1,0,0,3,0,0,0,8,0,0,0,0,0,0,0,0,0,1,84,92,10,0,1
啤酒(均值),16,0,0,0,0,0,0,0,0,4,0,0,0,0,0,0,0,0,0,0,0,96,0,0,1
北京啤酒,400,0,0,0,0,0,0,0,0,100,0,0,0,0,0,0,0,0,0,0,0,0,0,0,13
北京特制啤酒(6度),17,0,0,0,0,0,0,0,0,4,0,0,0,0,0,0,0,0,0,0,0,96,0,0,1
楚天啤酒(2.6度),400,0,0,0,0,0,0,0,0,100,0,0,0,0,0,0,0,0,0,0,0,0,0,0,13
酒泉啤酒,400,0,0,0,0,0,0,0,0,100,0,0,0,0,0,0,0,0,0,0,0,0,0,0,13
麦饭石啤酒,400,0,0,0,0,0,0,0,0,100,0,0,0,0,0,0,0,0,0,0,0,0,0,0,13
美雪啤酒,400,0,0,0,0,0,0,0,0,100,0,0,0,0,0,0,0,0,0,0,0,0,0,0,13
秦海啤酒,400,0,0,0,0,0,0,0,0,100,0,0,0,0,0,0,0,0,0,0,0,0,0,0,13
清爽型啤酒(6度),14,0,0,0,0,0,0,0,0,3,0,0,0,0,0,0,0,0,0,0,0,97,0,0,1
特制啤酒(5度),15,0,0,0,0,0,0,0,0,3,0,0,0,0,0,0,0,0,0,0,0,96,0,0,1
维生素C啤酒,400,0,0,0,0,0,0,0,0,100,0,0,0,0,0,0,0,0,0,0,0,0,0,0,13
武汉啤酒(3.2度),400,0,0,0,0,0,0,0,0,100,0,0,0,0,0,0,0,0,0,0,0,0,0,0,13
五星啤酒,400,0,0,0,0,0,0,0,0,100,0,0,0,0,0,0,0,0,0,0,0,0,0,0,13
行吟阁啤酒(3.2度),400,0,0,0,0,0,0,0,0,100,0,0,0,0,0,0,0,0,0,0,0,0,0,0,13
葡萄酒(均值),400,0,0,0,0,0,0,0,0,100,0,0,0,0,0,0,0,0,0,0,0,0,0,0,13
白葡萄酒(均值),400,0,0,0,0,0,0,0,0,100,0,0,0,0,0,0,0,0,0,0,0,0,0,0,13
红葡萄酒(均值),400,0,0,0,0,0,0,0,0,100,0,0,0,0,0,0,0,0,0,0,0,0,0,0,13
玫瑰香葡萄酒(15度),400,0,0,0,0,0,0,0,0,100,0,0,0,0,0,0,0,0,0,0,0,0,0,0,13
黄酒(均值),11,0,0,2,0,0,0,0,0,1,0,0,0,0,0,0,0,0,0,0,0,97,0,0,1
贡米佳酿(14度),400,0,0,0,0,0,0,0,0,100,0,0,0,0,0,0,0,0,0,0,0,0,0,0,13
加饭黄酒,400,0,0,2,0,0,0,0,0,98,0,0,0,0,0,0,0,0,0,0,0,0,0,0,13
江米酒,400,0,0,2,0,0,0,0,0,98,0,0,0,0,0,0,0,0,0,0,0,0,0,0,13
糯香酒(6.4度),400,0,0,0,0,0,0,0,0,100,0,0,0,0,0,0,0,0,0,0,0,0,0,0,13
善酿酒,400,0,0,2,0,0,0,0,0,98,0,0,0,0,0,0,0,0,0,0,0,0,0,0,13
绍兴黄酒(15度),400,0,0,0,0,0,0,0,0,100,0,0,0,0,0,0,0,0,0,0,0,0,0,0,13
元红黄酒,400,0,0,1,0,0,0,0,0,99,0,0,0,0,0,0,0,0,0,0,0,0,0,0,13
碧绿酒,400,0,0,0,0,0,0,0,0,100,0,0,0,0,0,0,0,0,0,0,0,0,0,0,13
崇明老白酒,400,0,0,0,0,0,0,0,0,100,0,0,0,0,0,0,0,0,0,0,0,0,0,0,13
低度汉酒(37.2度),400,0,0,0,0,0,0,0,0,100,0,0,0,0,0,0,0,0,0,0,0,0,0,0,13
二锅头(58度),400,0,0,0,0,0,0,0,0,100,0,0,0,0,0,0,0,0,0,0,0,0,0,0,13
甘州大曲,400,0,0,0,0,0,0,0,0,100,0,0,0,0,0,0,0,0,0,0,0,0,0,0,13
汉口白酒(49.6度),400,0,0,0,0,0,0,0,0,100,0,0,0,0,0,0,0,0,0,0,0,0,0,0,13
汉口小麦酒(40.7度),400,0,0,0,0,0,0,0,0,100,0,0,0,0,0,0,0,0,0,0,0,0,0,0,13
黄鹤楼酒(39度),400,0,0,0,0,0,0,0,0,100,0,0,0,0,0,0,0,0,0,0,0,0,0,0,13
精制小麦酒,400,0,0,0,0,0,0,0,0,100,0,0,0,0,0,0,0,0,0,0,0,0,0,0,13
景泰大曲,400,0,0,0,0,0,0,0,0,100,0,0,0,0,0,0,0,0,0,0,0,0,0,0,13
景泰二曲,400,0,0,0,0,0,0,0,0,100,0,0,0,0,0,0,0,0,0,0,0,0,0,0,13
酒泉酒,400,0,0,0,0,0,0,0,0,100,0,0,0,0,0,0,0,0,0,0,0,0,0,0,13
凉洲曲酒,400,0,0,0,0,0,0,0,0,100,0,0,0,0,0,0,0,0,0,0,0,0,0,0,13
宁河大曲,400,0,0,0,0,0,0,0,0,100,0,0,0,0,0,0,0,0,0,0,0,0,0,0,13
宁河二曲,400,0,0,0,0,0,0,0,0,100,0,0,0,0,0,0,0,0,0,0,0,0,0,0,13
曲酒(55度),400,0,0,0,0,0,0,0,0,100,0,0,0,0,0,0,0,0,0,0,0,0,0,0,13
三粮小麦(55度),400,0,0,0,0,0,0,0,0,100,0,0,0,0,0,0,0,0,0,0,0,0,0,0,13
丝路春酒,400,0,0,0,0,0,0,0,0,100,0,0,0,0,0,0,0,0,0,0,0,0,0,0,13
特制汉酒(59.9度),400,0,0,0,0,0,0,0,0,100,0,0,0,0,0,0,0,0,0,0,0,0,0,0,13
特制三粮酒(56.2度),400,0,0,0,0,0,0,0,0,100,0,0,0,0,0,0,0,0,0,0,0,0,0,0,13
乌林春酒(青稞酒),400,0,0,0,0,0,0,0,0,100,0,0,0,0,0,0,0,0,0,0,0,0,0,0,13
五酿春(44.4度),400,0,0,0,0,0,0,0,0,100,0,0,0,0,0,0,0,0,0,0,0,0,0,0,13
小麦酒(48度),400,0,0,0,0,0,0,0,0,100,0,0,0,0,0,0,0,0,0,0,0,0,0,0,13
小麦酒(50度),400,0,0,0,0,0,0,0,0,100,0,0,0,0,0,0,0,0,0,0,0,0,0,0,13
燕岭春(57度),400,0,0,0,0,0,0,0,0,100,0,0,0,0,0,0,0,0,0,0,0,0,0,0,13
醉流霞(57度),400,0,0,0,0,0,0,0,0,100,0,0,0,0,0,0,0,0,0,0,0,0,0,0,13
蜜酒,400,0,0,0,0,0,0,0,0,100,0,0,0,0,0,0,0,0,0,0,0,0,0,0,13
双喜沙棘酒,400,0,0,0,0,0,0,0,0,100,0,0,0,0,0,0,0,0,0,0,0,0,0,0,13
香雪酒,400,0,0,2,0,0,0,0,0,98,0,0,0,0,0,0,0,0,0,0,0,0,0,0,13
中华沙棘酒,400,0,0,0,0,0,0,0,0,100,0,0,0,0,0,0,0,0,0,0,0,0,0,0,13
白砂糖,400,0,20,0,0,3,0,0,1,100,0,0,0,0,0,0,0,0,0,5,8,0,0,0,13
绵白糖,396,0,6,0,0,2,0,0,0,99,0,0,0,0,0,0,0,0,0,2,3,1,2,0,13
冰糖,397,0,23,0,0,2,0,0,1,99,0,0,0,0,0,0,0,0,0,1,0,1,3,0,13
红糖,389,0,157,1,0,54,0,0,2,97,0,0,0,0,0,0,0,0,1,240,11,2,18,4,13
麦芽糖,331,0,0,0,0,0,0,2,0,82,0,0,0,0,0,0,0,0,5,0,0,13,0,0,13
蜂蜜,321,0,4,0,0,2,2,0,1,76,3,0,0,0,0,0,0,0,0,28,3,22,0,0,13
花生牛轧糖,432,0,29,5,0,17,12,0,4,75,0,0,0,11,2,0,0,0,1,73,123,6,168,0,3
胶姆糖,368,0,22,0,0,7,0,0,0,92,0,0,0,0,0,0,0,0,0,4,5,8,0,0,13
马蹄软糖,359,0,26,0,0,4,0,0,1,90,0,0,0,0,1,0,0,0,0,2,4,10,0,0,13
棉花糖,321,0,19,5,0,3,0,0,0,75,0,0,0,0,0,0,0,0,0,2,4,20,95,0,13
奶糖,407,0,50,2,0,20,7,1,3,84,0,0,0,0,0,0,0,0,1,75,26,6,222,1,13
泡泡糖,360,0,6,0,0,3,0,0,0,90,0,0,0,0,0,0,0,0,0,0,4,10,21,0,13
巧克力,586,0,111,4,0,56,40,1,2,52,0,1,2,2,1,0,0,0,1,254,114,1,112,1,0
巧克力(酒芯),400,0,128,1,0,88,12,0,2,72,0,0,0,3,0,0,0,1,1,76,55,14,36,1,3
巧克力(维夫)[朱古力威化],572,0,61,8,0,69,38,0,6,48,0,1,1,12,1,0,0,0,2,292,128,2,111,0,0
山楂球,369,0,58,0,0,20,0,1,2,92,0,0,1,0,0,0,0,0,0,88,10,7,160,0,13
什锦糖果,399,0,8,0,0,3,0,0,2,99,0,0,0,0,4,0,0,0,0,14,3,0,180,0,13
水晶糖,395,0,0,0,0,13,0,0,3,98,0,0,0,0,1,0,0,0,0,9,5,1,108,0,13
酥糖,436,0,186,6,0,62,14,4,6,72,0,0,4,5,2,0,0,0,1,148,135,3,45,1,3
酸三色糖,397,0,10,0,0,9,0,0,2,98,0,0,0,0,0,0,0,0,0,11,2,1,155,0,13
鲜桃果汁糖,397,0,14,0,0,11,0,2,2,99,0,0,0,0,0,32,0,0,1,20,3,0,172,1,13
芝麻南糖,538,0,0,5,0,127,36,2,10,50,0,1,5,4,10,0,0,1,1,148,167,4,34,1,0
海棠脯,286,0,19,1,0,12,0,0,3,70,0,0,2,1,0,10,0,0,1,144,10,26,200,0,13
李广杏脯,284,0,397,3,0,49,0,2,12,68,8,0,5,0,3,80,0,6,1,409,26,24,146,7,21
南瓜果脯,336,0,176,1,0,15,0,0,0,83,7,0,1,0,0,0,0,10,0,5,15,15,16,8,21
苹果脯,337,0,9,1,0,5,0,0,2,83,0,0,2,0,0,12,0,0,0,67,12,14,13,0,13
青梅果脯,308,0,106,1,0,11,1,0,4,74,4,0,3,1,0,2,0,0,1,23,12,20,223,0,13
桃脯,310,0,96,1,0,29,0,1,10,75,6,0,2,6,0,8,0,0,1,286,32,19,243,1,13
西瓜脯,307,0,253,1,0,57,0,0,11,76,13,0,2,0,2,3,0,0,3,1040,21,19,529,4,30
杏脯,329,0,68,1,0,12,1,1,5,80,6,0,2,1,1,157,0,0,1,266,22,15,213,2,13
金糕,177,0,49,0,0,7,0,0,2,43,4,0,1,0,0,3,0,0,0,93,9,55,34,0,1
金糕条[山楂条],300,0,42,1,0,13,1,0,6,73,10,0,2,5,0,10,0,0,2,302,18,23,192,2,13
山楂果丹皮,321,0,52,1,0,66,1,1,12,77,3,0,3,2,1,25,0,1,2,312,41,17,116,1,3
牛油,835,0,9,0,0,1,92,0,3,2,0,0,0,0,1,54,153,0,0,3,9,6,9,0,16
牛油(炼),898,0,0,0,0,0,100,0,0,0,0,0,0,5,0,89,135,0,0,0,0,0,0,0,16
鸭油(炼),897,0,0,0,0,0,100,0,0,0,0,0,0,0,0,71,83,0,0,0,0,0,0,0,16
羊油,824,0,0,0,0,1,88,0,1,8,0,0,0,1,0,33,110,0,0,12,18,4,13,0,16
羊油(炼),895,0,0,0,0,0,99,0,0,1,0,0,0,0,0,0,107,0,0,0,0,0,0,0,16
猪油(板油),827,0,0,0,0,1,89,0,2,7,0,1,0,22,1,89,110,0,0,14,10,4,138,0,16
猪油(炼),897,0,0,0,0,0,100,0,0,0,0,0,0,5,0,27,93,0,0,0,0,0,0,0,16
菜籽油[青油],899,0,9,0,0,3,100,0,4,0,0,0,0,61,1,0,0,0,0,2,9,0,7,0,16
茶油,899,0,5,0,0,2,100,0,1,0,0,1,0,28,0,0,0,0,0,2,8,0,1,0,16
大麻油,899,0,15,0,0,4,100,0,3,0,0,0,0,9,0,0,0,0,0,3,6,0,2,0,16
豆油,899,0,13,0,0,3,100,0,2,0,0,0,0,93,1,0,0,0,0,3,7,0,5,0,16
红花油,899,0,0,0,0,0,100,0,0,0,0,0,0,0,0,0,0,0,0,0,0,0,0,0,16
胡麻油,900,0,3,0,0,1,100,0,0,0,0,0,0,390,0,0,0,0,0,0,5,0,1,0,14
花生油,899,0,12,0,0,2,100,0,3,0,0,0,0,42,0,0,0,0,0,1,15,0,4,0,16
葵花籽油,899,0,2,0,0,4,100,0,1,0,0,0,0,55,0,0,0,0,0,1,4,0,3,0,16
辣椒油,900,0,0,0,0,0,100,0,0,0,0,0,0,87,0,38,0,0,0,0,0,0,0,0,16
麻子籽,341,0,407,22,0,421,28,3,18,0,0,5,38,108,6,0,0,1,6,447,631,6,13,0,7
麦芽油,899,0,0,0,0,0,100,0,0,0,0,0,0,0,0,0,0,0,0,0,0,0,0,0,16
棉籽油,899,0,17,0,0,1,100,0,2,0,0,0,0,86,1,0,0,0,0,1,16,0,4,0,16
色拉油,898,0,18,0,0,1,100,0,2,0,0,0,0,24,0,0,64,0,0,3,1,0,5,0,16
椰子油,899,0,0,0,0,0,100,0,0,0,0,0,0,0,0,0,0,0,0,0,0,0,0,0,16
玉米油,895,0,1,0,0,3,99,0,1,0,0,0,0,51,0,0,0,0,0,2,18,0,1,0,16
芝麻油[香油],898,0,9,0,0,3,100,0,2,0,0,1,0,69,0,0,0,0,0,0,4,0,1,0,16
棕榈油,900,0,0,0,0,0,100,0,3,0,0,0,0,15,0,18,0,0,0,0,8,0,1,0,16
橄榄油,899,0,0,0,0,0,100,0,0,0,0,0,0,0,0,0,0,0,0,0,0,0,0,0,16
酱油(均值),63,0,66,6,0,156,0,2,9,10,0,1,0,0,1,0,0,0,17,337,204,67,5757,1,32
酱油(高级),71,0,30,8,0,130,0,2,3,9,0,1,0,0,1,0,0,0,15,430,38,68,4056,5,32
酱油(一级),66,0,27,8,0,130,1,2,7,7,0,1,0,0,2,0,0,0,19,848,173,65,4861,4,32
酱油(三级),40,0,14,7,0,0,0,0,2,2,0,1,0,0,0,0,0,0,16,200,19,74,1903,9,32
酱油(冬菇),39,0,18,4,0,50,0,1,1,6,0,0,0,0,0,0,0,0,15,220,16,75,2057,2,32
酱油(多味),86,0,79,8,0,66,0,2,4,13,0,0,0,0,2,0,0,0,21,602,227,58,4050,4,32
酱油(三鲜),41,0,58,3,0,30,0,1,2,7,0,0,0,0,3,0,0,0,16,118,57,74,2462,1,32
酱油(晒制),70,0,47,9,0,53,1,2,7,7,0,0,0,0,0,0,0,0,19,457,171,65,3836,2,32
酱油(特母),55,0,33,7,0,93,0,0,4,7,0,2,0,0,1,0,0,0,15,509,20,71,4580,6,32
酱油(味精),51,0,589,7,0,106,0,4,4,6,0,1,0,0,1,0,0,0,16,572,24,72,5843,4,32
醋(均值),31,0,17,2,0,13,0,1,6,5,0,3,0,0,1,0,0,0,2,351,96,91,262,2,1
白醋,6,0,26,0,0,5,1,0,2,0,0,0,0,0,0,0,0,0,1,12,0,99,226,0,1
陈醋,114,0,125,10,0,132,0,7,14,18,0,8,0,1,4,0,0,1,6,715,124,66,836,1,27
甘醋,37,0,42,3,0,98,0,1,10,6,0,4,0,0,2,0,0,0,2,187,269,88,460,2,1
黑醋,91,0,45,4,0,94,0,6,0,18,0,0,0,0,1,0,0,0,4,286,262,73,350,2,8
五香醋,14,0,105,0,0,0,0,1,5,3,0,0,0,0,0,0,0,0,1,116,32,96,185,1,1
香醋,68,0,37,4,0,92,0,2,3,13,0,1,0,0,8,0,0,0,3,117,0,80,184,5,1
熏醋,43,0,41,3,0,82,0,0,5,7,0,2,0,0,2,0,0,0,3,276,320,87,444,3,1
豆瓣酱,178,0,53,14,0,125,7,2,16,16,0,1,2,1,1,0,0,1,16,772,154,47,6012,10,32
豆瓣酱(辣油),184,0,66,8,0,84,6,1,10,25,0,1,2,18,1,0,0,0,11,549,104,48,2202,0,32
豆瓣辣酱,59,0,207,4,0,33,2,2,5,6,0,0,7,14,0,417,0,0,17,234,37,64,1269,30,32
花生酱,594,0,67,7,0,21,53,2,7,22,0,0,3,2,3,0,0,0,14,99,90,0,2340,2,0
黄酱[大酱],131,0,70,12,0,48,1,2,7,18,0,1,3,14,1,13,0,0,15,508,160,51,3606,12,32
酱油膏,99,0,46,13,0,158,1,2,9,10,0,1,0,0,1,0,0,0,21,460,374,55,7700,3,32
辣椒酱[辣椒糊],31,0,117,1,0,91,3,1,4,1,0,0,3,3,0,132,0,0,22,222,30,71,8028,1,32
麻辣酱,135,0,186,6,0,37,5,2,13,16,0,0,5,1,1,37,0,0,15,366,105,52,3222,3,32
牛肉辣瓣酱,127,0,65,10,0,23,6,3,8,8,0,0,1,3,2,99,0,0,16,243,104,59,3038,3,32
蒜蓉辣酱,88,0,71,5,0,26,1,1,11,16,0,1,4,16,2,162,0,0,16,308,54,59,3236,7,32
甜面酱,136,0,29,6,0,26,1,2,4,27,0,1,1,2,1,5,0,0,12,189,76,54,2097,6,32
五香豆豉,259,0,29,24,0,202,3,1,4,34,0,3,6,41,2,0,0,1,10,715,43,23,264,5,30
香油辣酱,54,0,10,2,0,27,4,2,13,3,0,0,6,3,1,350,0,0,13,201,36,71,1492,2,32
芝麻酱,618,0,1170,19,0,238,53,6,50,17,0,2,6,35,4,17,0,1,5,342,626,0,38,5,19
郫县辣酱,89,0,106,4,0,121,1,2,12,16,0,1,9,8,1,173,0,0,19,585,125,51,5658,1,32
草莓酱,269,0,44,1,0,4,0,0,2,66,1,0,0,0,0,0,0,0,0,52,8,32,9,1,13
番茄酱,81,0,28,5,0,37,0,6,1,15,0,0,2,4,1,0,0,0,2,989,117,76,37,0,1
柠檬酱,283,0,9,1,0,2,5,0,0,63,0,0,0,0,1,0,0,0,0,11,15,30,65,0,13
苹果酱,277,0,2,0,0,3,0,0,1,69,1,0,0,0,0,0,0,0,0,26,3,30,11,0,13
桃酱,273,0,5,0,0,6,0,0,1,68,3,0,0,0,0,0,0,0,0,62,11,31,14,0,13
杏酱,286,0,6,0,0,5,0,0,0,70,1,0,0,0,0,5,0,0,0,113,4,28,5,0,13
腐乳(白)[酱豆腐],133,0,61,11,0,75,8,1,4,4,0,1,1,8,1,22,0,0,8,84,74,68,2460,2,32
腐乳(臭)[臭豆腐],130,0,75,12,0,90,8,1,7,3,0,1,1,9,1,20,0,0,10,96,126,66,2012,0,32
腐乳(红)[酱豆腐],151,0,87,12,0,78,8,0,12,8,0,1,1,7,2,15,0,0,10,81,171,61,3091,7,32
桂林腐乳,204,0,302,7,0,81,11,0,10,18,0,1,1,13,3,22,0,1,2,283,75,60,3000,1,8
糟豆腐乳[糟乳],156,0,62,12,0,111,7,0,22,11,0,2,1,9,3,0,0,0,12,282,320,58,7410,0,32
八宝菜,72,0,110,5,0,38,1,0,5,10,0,0,3,1,1,0,0,0,8,109,77,72,2843,2,32
冬菜,46,0,135,4,0,0,0,1,11,7,0,1,3,0,1,12,0,0,18,443,81,68,7229,2,32
狗芽菜,23,0,125,1,0,29,0,0,4,4,0,0,2,0,0,0,0,0,11,341,15,81,2777,0,32
桂花大头菜[佛手疙瘩],51,0,257,3,0,77,0,1,8,9,0,1,2,0,1,0,0,0,21,170,44,65,6061,2,32
合锦菜,75,0,102,6,0,40,0,2,3,13,0,0,4,1,1,3,0,0,9,129,85,68,3077,2,32
姜(糟),27,0,39,2,0,125,1,1,4,3,0,3,1,0,0,0,0,0,25,387,2,68,9686,2,32
酱包瓜,107,0,15,5,0,55,0,1,4,22,0,1,3,2,0,0,0,0,11,136,60,59,2523,3,32
酱大头菜,36,0,77,2,0,57,0,1,7,6,5,1,2,0,1,0,0,0,14,268,41,75,4624,1,32
酱甘露[地蚕，甘露子],37,0,54,2,0,59,0,1,6,6,5,1,2,1,1,0,0,0,14,260,52,76,2839,2,32
酱黄瓜,24,0,52,3,0,17,0,1,4,2,0,1,1,0,1,30,0,0,17,299,73,76,3770,2,32
酱萝卜,30,0,102,4,0,38,0,1,4,3,0,1,1,0,1,0,0,0,16,373,60,76,6881,2,32
酱蘑菇,121,0,30,5,0,52,0,2,2,24,0,1,1,2,1,0,0,0,10,250,18,59,400,0,32
酱苤蓝丝,39,0,38,6,0,52,0,1,3,4,0,1,2,0,1,0,0,0,15,147,120,73,4981,2,32
酱莴笋,23,0,28,2,0,41,0,1,3,3,0,0,1,0,0,0,0,0,10,302,32,83,4665,1,32
芥菜干,141,0,1542,13,0,263,1,1,39,20,0,9,27,0,2,150,0,0,14,883,100,25,3333,2,36
金钱萝卜,41,0,158,2,0,29,0,0,9,8,0,0,2,1,1,43,0,0,14,365,33,74,3232,0,32
辣萝卜条,37,0,118,1,0,23,0,0,3,7,0,0,2,0,0,17,0,0,12,150,34,78,2651,1,32
萝卜干,60,0,53,3,0,44,0,1,3,11,17,1,3,0,1,0,0,0,14,508,65,68,4203,0,32
乳黄瓜[嫩黄瓜],32,0,44,2,0,33,0,0,3,6,7,0,2,0,1,0,0,0,9,220,21,81,3087,2,32
什锦菜,35,0,21,3,0,23,0,0,4,5,0,1,2,0,1,0,0,0,12,399,62,79,4093,0,32
酸芥菜,17,0,51,1,0,25,0,1,1,3,0,0,2,1,1,0,0,0,4,126,22,90,1164,2,1
蒜头(酱),104,0,6,4,0,24,0,0,4,21,0,0,3,0,1,0,0,0,4,450,73,67,3503,0,1
蒜头(甜)[糖蒜],114,0,38,2,0,13,0,0,1,26,0,0,2,1,0,0,0,0,4,174,44,66,692,1,1
甜辣黄瓜,99,0,96,3,0,27,0,0,4,22,0,0,1,0,0,0,0,0,12,157,53,63,0,1,32
甜酸皎头,97,0,68,0,0,7,0,0,4,23,0,0,0,0,0,0,0,0,2,55,6,74,809,1,1
五香大头菜,48,0,0,5,0,0,0,0,0,7,0,0,4,0,0,10,0,0,12,0,0,72,0,0,1
咸沙葱[蒙古韭],25,0,457,2,0,98,1,0,0,2,0,1,2,0,1,0,0,0,5,604,10,88,1712,4,1
洋姜(腌)[菊芋，鬼子姜],34,0,244,3,0,60,0,1,7,6,0,1,1,0,1,0,0,0,17,340,69,74,5443,2,32
榨菜,29,0,155,2,0,54,0,0,4,4,2,0,2,0,1,82,0,0,16,363,41,75,4253,2,32
蕨菜(腌),22,0,115,2,0,9,0,2,4,2,0,0,2,0,2,53,0,6,3,13,33,90,991,9,21
腌芥菜头[水芥，水疙瘩],39,0,87,3,0,17,0,1,3,7,0,0,3,0,0,0,0,0,17,284,41,70,7251,2,32
腌芥菜头(煮)[煮芥，煮疙瘩],26,0,174,2,0,46,0,1,6,4,0,0,2,0,1,2,0,0,21,297,45,71,6834,2,32
腌韭菜花,15,0,76,1,0,22,0,1,5,2,0,0,1,0,0,28,0,0,17,94,31,79,5184,3,32
腌龙须菜,67,0,8,1,0,192,0,0,6,15,0,0,2,1,1,0,0,0,14,1237,70,68,1103,2,32
腌雪里红,25,0,294,2,0,40,0,1,6,3,4,0,2,0,1,8,0,1,15,369,36,77,3304,1,32
八角[大料，大茴香],195,0,41,4,0,68,6,1,6,32,0,7,43,1,1,7,0,1,3,202,64,12,15,3,12
胡椒粉,357,0,2,10,0,128,2,2,9,75,0,1,2,0,1,10,0,0,1,154,172,10,5,8,3
花椒,258,0,639,7,0,111,9,2,8,38,0,3,29,2,2,23,0,1,7,204,69,11,47,2,12
黄毛籽,234,0,868,21,0,323,16,0,16,2,0,3,48,0,3,0,0,1,5,604,539,8,43,20,12
芥茉,476,0,656,24,0,321,30,5,17,28,0,3,7,10,4,32,0,1,4,366,530,7,8,69,7
苦豆子,212,0,332,5,1,44,2,2,4,43,0,1,29,55,1,0,0,0,7,26,97,14,28,14,12
辣椒粉,203,0,146,15,1,223,10,8,21,14,0,1,44,15,2,3123,0,1,8,1358,374,9,100,8,4
全料蒸肉粉,342,0,52,9,0,31,1,1,6,74,0,0,0,0,2,0,0,0,8,140,125,8,1679,61,3
五香粉,348,0,181,1,0,88,8,2,34,68,0,0,5,10,3,0,0,1,5,1138,66,12,27,6,30
茴香籽[小茴香籽],251,0,751,14,0,336,12,7,1,22,0,3,34,1,3,53,0,2,9,1104,336,9,80,2,12
湖盐[青盐],11,0,552,0,0,463,0,0,25,3,0,1,0,0,1,0,0,0,96,192,0,1,92768,0,2
精盐,0,0,22,0,0,2,0,0,1,0,0,0,0,0,0,0,0,0,100,14,0,0,39311,1,34
土盐,0,0,49,0,0,248,0,0,3,0,0,0,0,0,0,0,0,0,100,30,11,0,39000,4,34
味精,268,0,100,40,0,7,0,0,1,26,0,1,0,0,0,0,0,0,33,4,4,0,8160,1,32
酵母(鲜),106,0,9,3,1,54,0,4,7,24,0,1,0,251,3,0,0,20,2,448,409,72,14,3,33
酵母(干),356,7,106,48,3,0,2,45,18,38,0,0,8,0,0,0,0,0,1,0,1893,4,0,0,17
白芷,324,0,3,9,1,19,2,1,4,69,1,1,5,2,1,0,0,1,4,100,118,12,27,3,3
薄荷(干),208,0,0,7,0,0,4,0,4,36,0,5,31,5,2,0,0,2,12,135,22,10,18,0,12
薄荷(鲜),24,0,341,4,0,133,0,0,4,2,6,1,5,0,1,213,0,1,0,677,99,83,4,0,1
北五味子叶(鲜)[五味子，秤砣子],70,0,363,4,0,0,0,2,7,13,23,0,2,0,0,847,0,0,2,0,22,79,0,0,1
车前(鲜),0,0,370,0,0,30,0,0,7,0,36,0,0,0,1,1028,0,1,0,455,49,84,2,0,1
车前子(鲜)[车轮菜],67,0,309,4,0,0,1,0,25,10,23,0,3,0,0,975,0,0,2,0,175,79,0,0,1
陈皮,278,0,82,8,0,113,1,2,9,58,7,1,21,7,1,68,0,1,3,186,85,8,21,4,3
丁香,359,0,137,0,0,0,17,0,0,51,0,0,17,4,1,0,0,1,6,47,10,9,122,13,3
防风(根，鲜),0,0,64,0,0,69,0,0,4,0,13,0,4,0,1,12,0,1,0,616,106,84,4,0,1
防风(叶，鲜),0,0,160,0,0,80,0,0,5,0,4,1,4,0,0,363,0,1,0,888,96,87,1,0,1
甘草,203,0,832,5,0,337,4,1,21,36,1,2,39,2,6,0,0,1,6,28,38,10,155,5,12
高良姜,169,0,75,11,0,0,6,0,0,19,0,36,43,4,5,0,0,1,9,87,8,13,8,13,10
红花,220,0,312,5,0,178,5,4,29,39,0,3,24,3,5,123,0,2,15,54,101,12,36,12,12
虎杖(鲜),0,0,17,0,0,13,0,0,0,0,1,1,2,0,0,0,0,0,0,204,32,94,0,0,1
菊花[怀菊花],242,0,234,6,1,256,3,9,78,47,1,3,16,2,2,0,0,1,8,132,88,19,20,11,18
决明(鲜),0,0,317,0,0,44,0,0,3,0,264,1,0,0,1,725,0,0,0,320,54,82,0,0,1
莱菔子,352,0,48,19,0,0,30,0,6,2,0,2,36,13,2,0,0,1,5,8,8,9,4,5,12
罗汉果,169,0,40,13,0,12,1,10,3,27,5,2,39,0,1,0,0,0,3,134,180,17,11,2,12
木榧[园榧],539,0,11,12,0,212,42,1,4,28,0,1,11,44,4,0,0,2,4,280,180,3,5,4,7
肉豆蔻,465,0,42,8,0,0,35,0,1,29,0,1,14,6,2,0,0,1,2,61,26,11,26,0,0
肉桂,199,0,88,12,0,0,3,0,0,32,0,11,40,8,0,0,0,1,3,167,1,12,1,1,12
砂仁,208,0,80,8,0,232,2,3,1,40,0,23,29,0,6,30,0,1,8,46,67,13,22,4,12
桃仁,429,0,0,0,0,0,38,0,0,22,0,0,29,0,0,0,0,0,3,0,63,8,0,0,12
乌梅,219,0,33,7,1,137,2,2,0,43,4,0,34,7,8,0,0,1,3,161,16,12,19,2,12
郁李仁,484,0,111,25,1,0,43,0,0,0,0,1,24,29,3,0,0,0,4,53,32,5,5,1,0
枣仁,367,0,81,1,0,0,24,0,1,37,0,2,24,18,5,0,0,1,4,31,52,11,12,1,12
紫苏,174,0,78,0,0,0,12,0,3,16,0,2,61,8,3,0,0,2,5,65,68,6,363,1,12
紫苏(鲜)[赤苏，白苏],51,0,311,4,0,283,1,1,8,6,24,1,4,0,1,1232,0,0,1,435,73,84,3,0,1
茯苓,16,0,2,1,0,8,0,0,9,2,0,1,81,0,0,0,0,0,1,58,32,14,1,5,12
藿香,189,0,436,10,1,264,5,4,7,26,1,39,38,0,2,0,0,2,9,47,183,13,46,1,10
藿香(鲜),0,0,275,0,0,198,0,0,8,0,10,1,6,0,1,607,0,1,0,508,75,80,0,0,1
藿香叶(鲜)[兜娄婆香],89,0,580,9,0,0,2,1,28,10,23,0,4,0,0,1063,0,0,4,0,104,72,0,0,1
枸杞子,258,0,60,14,0,96,2,4,5,47,48,1,17,2,1,1625,0,1,4,434,209,17,252,13,3
甲鱼[鳖],118,0,70,18,0,15,4,3,3,2,0,0,0,2,2,139,101,0,1,196,114,75,97,15,8
田鸡[青蛙],93,0,127,20,0,20,1,9,2,0,0,0,0,1,1,7,40,0,1,280,200,79,12,16,8
田鸡腿[青蛙腿],79,0,121,12,0,13,1,7,2,5,0,0,0,1,1,0,84,0,0,92,7,82,215,7,8
